<?xml version="1.0" encoding="utf-8" standalone="yes"?>
<rss version="2.0" xmlns:atom="http://www.w3.org/2005/Atom">
  <channel>
    <title>drink on </title>
    <link>https://little-dragons.github.io/web/articles/tags/drink/</link>
    <description>Recent content in drink on </description>
    <generator>Hugo -- gohugo.io</generator>
    <language>en-us</language>
    <lastBuildDate>Sun, 07 Oct 2018 11:40:14 +0200</lastBuildDate>
    
	<atom:link href="https://little-dragons.github.io/web/articles/tags/drink/index.xml" rel="self" type="application/rss+xml" />
    
    
    <item>
      <title>Ninth</title>
      <link>https://little-dragons.github.io/web/articles/posts/ninth/</link>
      <pubDate>Sun, 07 Oct 2018 11:40:14 +0200</pubDate>
      
      <guid>https://little-dragons.github.io/web/articles/posts/ninth/</guid>
      <description>This is another post Lorem ipsum dolor sit amet, consectetur adipiscing elit. Aenean semper libero quis dictum dapibus. Nulla egestas vitae augue eu rutrum. Duis ullamcorper dictum ipsum. Interdum et malesuada fames ac ante ipsum primis in faucibus. Suspendisse tortor dui, fermentum non dapibus id, volutpat non odio. Vestibulum ante ipsum primis in faucibus orci luctus et ultrices posuere cubilia Curae; Maecenas fringilla tempus urna ac laoreet. Curabitur sed bibendum lectus.</description>
    </item>
    
    <item>
      <title>Sixth</title>
      <link>https://little-dragons.github.io/web/articles/posts/sixth/</link>
      <pubDate>Sun, 07 Oct 2018 11:39:25 +0200</pubDate>
      
      <guid>https://little-dragons.github.io/web/articles/posts/sixth/</guid>
      <description>This is another post Lorem ipsum dolor sit amet, consectetur adipiscing elit. Aenean semper libero quis dictum dapibus. Nulla egestas vitae augue eu rutrum. Duis ullamcorper dictum ipsum. Interdum et malesuada fames ac ante ipsum primis in faucibus. Suspendisse tortor dui, fermentum non dapibus id, volutpat non odio. Vestibulum ante ipsum primis in faucibus orci luctus et ultrices posuere cubilia Curae; Maecenas fringilla tempus urna ac laoreet. Curabitur sed bibendum lectus.</description>
    </item>
    
  </channel>
</rss>