<?xml version="1.0" encoding="utf-8" standalone="yes"?>
<rss version="2.0" xmlns:atom="http://www.w3.org/2005/Atom">
  <channel>
    <title>การศึกษา on </title>
    <link>https://dragon-library.github.io/library/articles/tags/%E0%B8%81%E0%B8%B2%E0%B8%A3%E0%B8%A8%E0%B8%B6%E0%B8%81%E0%B8%A9%E0%B8%B2/</link>
    <description>Recent content in การศึกษา on </description>
    <generator>Hugo -- gohugo.io</generator>
    <language>en-us</language>
    <lastBuildDate>Sun, 24 Nov 2019 09:20:11 +0700</lastBuildDate>
    
	<atom:link href="https://dragon-library.github.io/library/articles/tags/%E0%B8%81%E0%B8%B2%E0%B8%A3%E0%B8%A8%E0%B8%B6%E0%B8%81%E0%B8%A9%E0%B8%B2/index.xml" rel="self" type="application/rss+xml" />
    
    
    <item>
      <title>&#39;ภูมิ&#39; นักพัฒนาซอฟต์แวร์ผู้หยุดการศึกษาไว้ที่ ม.4 เพื่อเริ่มการเรียนรู้ตลอดชีวิต</title>
      <link>https://dragon-library.github.io/library/articles/posts/phoomparin-interview/</link>
      <pubDate>Sun, 24 Nov 2019 09:20:11 +0700</pubDate>
      
      <guid>https://dragon-library.github.io/library/articles/posts/phoomparin-interview/</guid>
      <description>ภูมิ-ภูมิปรินทร์ มะโน : January 3, 2019. ThePotential.org.
   ภูมิ คือเด็กหนุ่มที่รู้ว่าตัวเองชอบอะไรตั้งแต่มัธยมต้น และเลือกที่จะลาออกตั้งแต่ชั้น ม.4 เพื่อเดินต่อในฐานะโปรแกรมเมอร์ กองหลังสำคัญคือพ่อแม่ ที่สร้างพื้นที่ปลอดภัย เมื่อเดินไปสู่พื้นที่ใหม่ๆ ภูมิจะรู้เสมอว่า ‘จะไม่เกิดอะไรขึ้น’ เพราะพ่อแม่พร้อมรองรับ สำหรับภูมิ การไม่ได้เกรด 4 ไม่ได้หมายความว่าไม่เก่ง คุณอาจจะเป็นนกที่โบยบินได้เก่ง แต่ใครก็ไม่รู้มาบอกว่าให้คุณว่ายน้ำ…แค่นั้นเอง   เรียน ม.4 ไปได้เพียงเทอมเดียว ภูมิ-ภูมิปรินทร์ มะโน เด็กหนุ่มวัย 15 ปีก็ตัดสินใจลาออกจากโรงรียน เพราะรู้สึกว่าอยู่กับสิ่งที่ไม่ชอบมานานพอแล้ว
ย้อนไปไกลกว่านั้น ราวๆ ม.ต้น ด.ช.ภูมิปรินท์ ปฏิบัติการ ‘แฮคระบบโรงเรียน’ เพราะสนใจเรื่อง software security จู่ๆ อาจารย์เดินมาเห็นเข้า (เพราะดันทำในห้องคอมโรงเรียน) แทนที่อาจารย์จะว่ากล่าวหรือลงโทษ กลับเห็นแวว ชวนไปแข่งในสนามต่างๆ จนคว้ามาหลายรางวัล
ปัจจุบันภูมิเป็นนักพัฒนาซอฟต์แวร์ หรือ software developer ที่อายุน้อยที่สุดของบริษัท OmniVirt สตาร์ทอัพสัญชาติไทยในแคลิฟอร์เนีย สหรัฐอเมริกา
ด้วยวัยเพียง 17 ปี
เริ่มรู้สึกว่าสิ่งที่เราเรียนอยู่ไม่ตอบโจทย์ตั้งแต่ตอนไหน ตอน ม.1-ม.2 รู้สึกว่าตอนเรียนเราไม่สามารถเลือกได้ว่าสิ่งไหนบ้างที่เราอยากจะเรียนรู้เพิ่มเติม ต่างจากในมหาวิทยาลัย ถ้าผมสนใจเรียนความปลอดภัยของซอฟต์แวร์หรือสนใจเรื่องอะไรเป็นพิเศษ ก็สามารถลงเรียนหนักๆ ได้ แต่มัธยมเราต้องเป็นทุกอย่าง ไม่ได้เจาะลึกกับอะไรสักอย่าง 12 ปีสำหรับการศึกษาผมคิดว่ามันเป็นเวลาที่เยอะมาก เวลานี้สามารถเอาไปใช้ทำอย่างอื่นอย่างจริงจังได้ดีกว่า</description>
    </item>
    
    <item>
      <title>CODING คืออะไร ครูไทยพร้อมไหม ทำไมหนูต้องเรียน</title>
      <link>https://dragon-library.github.io/library/articles/posts/what-coding/</link>
      <pubDate>Sun, 24 Nov 2019 07:20:11 +0700</pubDate>
      
      <guid>https://dragon-library.github.io/library/articles/posts/what-coding/</guid>
      <description>กระทรวงศึกษาธิการประกาศให้ Coding เป็นหลักสูตรที่นักเรียนทั่วประเทศต้องเรียนอย่างเป็นทางการ (National Standards) ภายในเดือนพฤศจิกายน 2562 โดยเริ่มตั้งแต่ชั้น ป.1
 Coding คือ ส่วนหนึ่งของหลักสูตรวิทยาการคำนวณที่บรรจุอยู่ในกลุ่มสาระเทคโนโลยี
 เป้าหมายโดยรวมของหลักสูตรวิทยาการคำนวณ มุ่งเน้นให้นักเรียนฝึกคิดอย่างเป็นระบบ ค้นเจอปัญหาและเงื่อนไข รู้เหตุและผล เข้าใจกระบวนการทำงานเพื่อแก้ไขปัญหา ซึ่งเป็นทักษะสำคัญและจำเป็นสำหรับเด็กในศตวรรษใหม่
 ตัวอย่างการเรียน Coding ในเด็กเล็กคล้ายกับการเล่นเกม เช่น เกมบันไดงู โดยให้ฝึกคิดหาทางออกทีละขั้น ผ่านการคิดและออกคำสั่งลูกศร ซ้าย-ขวา-หน้า-หลัง
   พฤศจิกายนนี้เด็กๆ ป.1 ป.2 ป.4 ป.5 ม.1 ม.2 ม.4 และ ม.5 จะได้เรียน Coding พร้อมกันทั่วประเทศ ในฐานะหลักสูตร National Standards
คำถามพื้นฐานอย่าง Coding คืออะไร เรียนไปทำไม มีประโยชน์อย่างไร อาจสำคัญเท่าๆ กับ เรา-ในที่นี้คือเด็กในฐานะผู้เรียน และครูในฐานะผู้สอน พร้อมแล้วหรือยัง สำหรับการเรียนรู้ครั้งนี้
The Potential สนทนาอย่างจริงๆ จังๆ กับ ดร.เขมวดี พงศานนท์ ผู้อำนวยการฝ่ายบริหารเครือข่ายและพัฒนาครู สถาบันส่งเสริมการสอน วิทยาศาสตร์และเทคโนโลยี (สสวท.</description>
    </item>
    
  </channel>
</rss>