<?xml version="1.0" encoding="utf-8" standalone="yes"?>
<rss version="2.0" xmlns:atom="http://www.w3.org/2005/Atom">
  <channel>
    <title>ตำนานเทพเจ้ากรีก on </title>
    <link>https://yosarawut.github.io/knowledge-base/articles/tags/%E0%B8%95%E0%B8%B3%E0%B8%99%E0%B8%B2%E0%B8%99%E0%B9%80%E0%B8%97%E0%B8%9E%E0%B9%80%E0%B8%88%E0%B9%89%E0%B8%B2%E0%B8%81%E0%B8%A3%E0%B8%B5%E0%B8%81/</link>
    <description>Recent content in ตำนานเทพเจ้ากรีก on </description>
    <generator>Hugo -- gohugo.io</generator>
    <language>en-us</language>
    <lastBuildDate>Tue, 19 Nov 2019 15:15:05 +0700</lastBuildDate>
    
	<atom:link href="https://yosarawut.github.io/knowledge-base/articles/tags/%E0%B8%95%E0%B8%B3%E0%B8%99%E0%B8%B2%E0%B8%99%E0%B9%80%E0%B8%97%E0%B8%9E%E0%B9%80%E0%B8%88%E0%B9%89%E0%B8%B2%E0%B8%81%E0%B8%A3%E0%B8%B5%E0%B8%81/index.xml" rel="self" type="application/rss+xml" />
    
    
    <item>
      <title>ตำนานเทพเจ้ากรีก</title>
      <link>https://yosarawut.github.io/knowledge-base/articles/posts/greek-mythology/</link>
      <pubDate>Tue, 19 Nov 2019 15:15:05 +0700</pubDate>
      
      <guid>https://yosarawut.github.io/knowledge-base/articles/posts/greek-mythology/</guid>
      <description>1. เซนต์วานเลนไทน์ (Saint Valentine) วันวาเลนไทน์ กำเนิดขึ้นมาในกรุงโรม หรืออาณาจักรโรมัน ตั้งแต่ศตวรรษที่ 3 ในช่วงยุคของจักรพรรดิคลอดิอุส ที่สอง (Claudius II) เดิมทีจักรพรรดิคลอดิอุสมีนิสัยชอบข่มเหงรังแกผู้อื่น เขามักบังคับให้ชาวโรมันทุกคนต้องสักการะพระเจ้าทั้ง 12 องค์ ใครคิดต่อต้านจะได้รับทำโทษ นอกจากนี้ ยังห้ามไม่ให้เกี่ยวข้องกับพวกคริสเตียนด้วย ทั้งนี้ มีนักบุญผู้หนึ่งที่ชื่อว่า วาเลนตินุส (Valentinus) เขาเกิดความเลื่อมใสศรัทธาต่อพระคริสเป็นอย่างมาก ถึงขนาดให้คำไว้ว่า ความตายหรือสิ่งใดไม่มีทางเปลี่ยนแปลงความคิดของเขาได้ ด้วยการต่อต้านครั้งนี้ จึงทำให้เขาถูกขังคุก
ก่อนที่เขาสิ้นชีวิต ในช่วงอาทิตย์สุดท้ายได้เกิดสิ่งแปลกประหลาดขึ้นกับเขา โดยขณะที่กำลังถูกคุมขังอยู่นั้น ผู้คุมขังได้ร้องขอให้วาเลนตินุสช่วยสอนจูเลียผู้เป็นลูกสาวที่ตาบอดตั้งแต่เกิด แม้ว่าจูเลียจะเป็นหญิงงาม แต่ก็อาภัพมองไม่เห็น วาเลนตินุสจึงได้สอนประวัติศาสตร์ สอนการคิดคำนวณ และเล่าเรื่องพระเจ้าให้เธอฟัง ด้วยความฉลาดของจูเลีย เธอจึงสามารถรับรู้สิ่งต่าง ๆ ในโลกนี้ได้อย่างถ่องแท้ และเธอก็รู้สึกเชื่อใจในตัววาเลนตินุส และมีความสุขอย่างมากเมื่ออยู่กับเขา
วันหนึ่ง จูเลียเอ่ยถามวาเลนตินุสว่า “หากเราอธิษฐานต่อพระผู้เป็นเจ้า ท่านจะทรงได้ยินเราไหม” วาเลนตินุสจึงตอบไปว่า “พระองค์เจ้าได้ยินเราทุกคนแน่นอน” จูเลียจึงกล่าวต่อว่า “ท่านทราบหรือไม่ ในทุก ๆ เช้า ทุก ๆ เย็น ข้าทูลอธิษฐานขออะไร….ข้าต้องการอยากจะมองเห็นโลกใบนี้ และเห็นทุก ๆอย่างที่ท่านเล่าให้ฟัง” วาเลนตินุสจึงตอบกลับไปว่า “พระเจ้าย่อมมอบแต่สิ่งที่ดีที่สุดให้แก่ทุกคน แต่ต้องมีความเชื่อมั่นในพระองค์เท่านั้นเอง”
ด้วยความเชื่อมั่นในพระผู้เป็นเจ้า จูเลียจึงนั่งคุกเข่าและกุมมืออธิษฐานขอพรไปพร้อมๆกับวาเลนตินุส และในขณะนั้นเอง ก็เกิดสิ่งมหัศจรรย์ขึ้น มีแสงสว่างลอดเข้ามาในคุก และเมื่อจูเลียค่อย ๆลืมตาขึ้น เธอก็สามารถมองเห็นได้!</description>
    </item>
    
  </channel>
</rss>