<?xml version="1.0" encoding="utf-8" standalone="yes"?>
<rss version="2.0" xmlns:atom="http://www.w3.org/2005/Atom">
  <channel>
    <title>Categories on </title>
    <link>https://yosarawut.github.io/knowledge-base/articles/th/categories/</link>
    <description>Recent content in Categories on </description>
    <generator>Hugo -- gohugo.io</generator>
    <language>en-us</language>
    <lastBuildDate>Sat, 23 Nov 2019 12:40:11 +0200</lastBuildDate>
    
	<atom:link href="https://yosarawut.github.io/knowledge-base/articles/th/categories/index.xml" rel="self" type="application/rss+xml" />
    
    
    <item>
      <title>Industry</title>
      <link>https://yosarawut.github.io/knowledge-base/articles/th/categories/industry/</link>
      <pubDate>Sat, 23 Nov 2019 12:40:11 +0200</pubDate>
      
      <guid>https://yosarawut.github.io/knowledge-base/articles/th/categories/industry/</guid>
      <description></description>
    </item>
    
  </channel>
</rss>