<?xml version="1.0" encoding="utf-8" standalone="yes"?>
<rss version="2.0" xmlns:atom="http://www.w3.org/2005/Atom">
  <channel>
    <title>Tags on </title>
    <link>https://dragon-library.github.io/library/articles/tags/</link>
    <description>Recent content in Tags on </description>
    <generator>Hugo -- gohugo.io</generator>
    <language>en-us</language>
    <lastBuildDate>Fri, 06 Dec 2019 13:55:11 +0700</lastBuildDate>
    
	<atom:link href="https://dragon-library.github.io/library/articles/tags/index.xml" rel="self" type="application/rss+xml" />
    
    
    <item>
      <title>Business</title>
      <link>https://dragon-library.github.io/library/articles/tags/business/</link>
      <pubDate>Fri, 06 Dec 2019 13:55:11 +0700</pubDate>
      
      <guid>https://dragon-library.github.io/library/articles/tags/business/</guid>
      <description></description>
    </item>
    
    <item>
      <title>Money</title>
      <link>https://dragon-library.github.io/library/articles/tags/money/</link>
      <pubDate>Mon, 02 Dec 2019 19:40:11 +0700</pubDate>
      
      <guid>https://dragon-library.github.io/library/articles/tags/money/</guid>
      <description></description>
    </item>
    
    <item>
      <title>Disruption</title>
      <link>https://dragon-library.github.io/library/articles/tags/disruption/</link>
      <pubDate>Sun, 01 Dec 2019 08:40:11 +0700</pubDate>
      
      <guid>https://dragon-library.github.io/library/articles/tags/disruption/</guid>
      <description></description>
    </item>
    
    <item>
      <title>Strategy</title>
      <link>https://dragon-library.github.io/library/articles/tags/strategy/</link>
      <pubDate>Sun, 01 Dec 2019 08:40:11 +0700</pubDate>
      
      <guid>https://dragon-library.github.io/library/articles/tags/strategy/</guid>
      <description></description>
    </item>
    
    <item>
      <title>Work</title>
      <link>https://dragon-library.github.io/library/articles/tags/work/</link>
      <pubDate>Sun, 01 Dec 2019 08:40:11 +0700</pubDate>
      
      <guid>https://dragon-library.github.io/library/articles/tags/work/</guid>
      <description></description>
    </item>
    
    <item>
      <title>People</title>
      <link>https://dragon-library.github.io/library/articles/tags/people/</link>
      <pubDate>Wed, 27 Nov 2019 21:50:11 +0700</pubDate>
      
      <guid>https://dragon-library.github.io/library/articles/tags/people/</guid>
      <description></description>
    </item>
    
    <item>
      <title>Book review</title>
      <link>https://dragon-library.github.io/library/articles/tags/book-review/</link>
      <pubDate>Sun, 24 Nov 2019 22:40:11 +0700</pubDate>
      
      <guid>https://dragon-library.github.io/library/articles/tags/book-review/</guid>
      <description></description>
    </item>
    
    <item>
      <title>Self</title>
      <link>https://dragon-library.github.io/library/articles/tags/self/</link>
      <pubDate>Sun, 24 Nov 2019 22:40:11 +0700</pubDate>
      
      <guid>https://dragon-library.github.io/library/articles/tags/self/</guid>
      <description></description>
    </item>
    
    <item>
      <title>Leadership</title>
      <link>https://dragon-library.github.io/library/articles/tags/leadership/</link>
      <pubDate>Sun, 24 Nov 2019 21:55:11 +0700</pubDate>
      
      <guid>https://dragon-library.github.io/library/articles/tags/leadership/</guid>
      <description></description>
    </item>
    
    <item>
      <title>Quantum Computer</title>
      <link>https://dragon-library.github.io/library/articles/tags/quantum-computer/</link>
      <pubDate>Sun, 24 Nov 2019 13:45:11 +0700</pubDate>
      
      <guid>https://dragon-library.github.io/library/articles/tags/quantum-computer/</guid>
      <description></description>
    </item>
    
    <item>
      <title>AI</title>
      <link>https://dragon-library.github.io/library/articles/tags/ai/</link>
      <pubDate>Sun, 24 Nov 2019 13:40:11 +0700</pubDate>
      
      <guid>https://dragon-library.github.io/library/articles/tags/ai/</guid>
      <description></description>
    </item>
    
    <item>
      <title>การเลี้ยงลูก</title>
      <link>https://dragon-library.github.io/library/articles/tags/%E0%B8%81%E0%B8%B2%E0%B8%A3%E0%B9%80%E0%B8%A5%E0%B8%B5%E0%B9%89%E0%B8%A2%E0%B8%87%E0%B8%A5%E0%B8%B9%E0%B8%81/</link>
      <pubDate>Sun, 24 Nov 2019 09:40:11 +0700</pubDate>
      
      <guid>https://dragon-library.github.io/library/articles/tags/%E0%B8%81%E0%B8%B2%E0%B8%A3%E0%B9%80%E0%B8%A5%E0%B8%B5%E0%B9%89%E0%B8%A2%E0%B8%87%E0%B8%A5%E0%B8%B9%E0%B8%81/</guid>
      <description></description>
    </item>
    
    <item>
      <title>การศึกษา</title>
      <link>https://dragon-library.github.io/library/articles/tags/%E0%B8%81%E0%B8%B2%E0%B8%A3%E0%B8%A8%E0%B8%B6%E0%B8%81%E0%B8%A9%E0%B8%B2/</link>
      <pubDate>Sun, 24 Nov 2019 09:20:11 +0700</pubDate>
      
      <guid>https://dragon-library.github.io/library/articles/tags/%E0%B8%81%E0%B8%B2%E0%B8%A3%E0%B8%A8%E0%B8%B6%E0%B8%81%E0%B8%A9%E0%B8%B2/</guid>
      <description></description>
    </item>
    
    <item>
      <title>Coding</title>
      <link>https://dragon-library.github.io/library/articles/tags/coding/</link>
      <pubDate>Sun, 24 Nov 2019 07:20:11 +0700</pubDate>
      
      <guid>https://dragon-library.github.io/library/articles/tags/coding/</guid>
      <description></description>
    </item>
    
    <item>
      <title>Inspiration</title>
      <link>https://dragon-library.github.io/library/articles/tags/inspiration/</link>
      <pubDate>Sat, 23 Nov 2019 21:40:11 +0700</pubDate>
      
      <guid>https://dragon-library.github.io/library/articles/tags/inspiration/</guid>
      <description></description>
    </item>
    
    <item>
      <title>Space</title>
      <link>https://dragon-library.github.io/library/articles/tags/space/</link>
      <pubDate>Sat, 23 Nov 2019 11:40:11 +0200</pubDate>
      
      <guid>https://dragon-library.github.io/library/articles/tags/space/</guid>
      <description></description>
    </item>
    
    <item>
      <title>SpaceX</title>
      <link>https://dragon-library.github.io/library/articles/tags/spacex/</link>
      <pubDate>Sat, 23 Nov 2019 11:40:11 +0200</pubDate>
      
      <guid>https://dragon-library.github.io/library/articles/tags/spacex/</guid>
      <description></description>
    </item>
    
    <item>
      <title>Design Thinking</title>
      <link>https://dragon-library.github.io/library/articles/tags/design-thinking/</link>
      <pubDate>Sat, 23 Nov 2019 12:40:11 +0700</pubDate>
      
      <guid>https://dragon-library.github.io/library/articles/tags/design-thinking/</guid>
      <description></description>
    </item>
    
    <item>
      <title>อาวุธ</title>
      <link>https://dragon-library.github.io/library/articles/tags/%E0%B8%AD%E0%B8%B2%E0%B8%A7%E0%B8%B8%E0%B8%98/</link>
      <pubDate>Fri, 22 Nov 2019 23:10:05 +0700</pubDate>
      
      <guid>https://dragon-library.github.io/library/articles/tags/%E0%B8%AD%E0%B8%B2%E0%B8%A7%E0%B8%B8%E0%B8%98/</guid>
      <description></description>
    </item>
    
    <item>
      <title>เทควันโด</title>
      <link>https://dragon-library.github.io/library/articles/tags/%E0%B9%80%E0%B8%97%E0%B8%84%E0%B8%A7%E0%B8%B1%E0%B8%99%E0%B9%82%E0%B8%94/</link>
      <pubDate>Fri, 22 Nov 2019 15:16:05 +0700</pubDate>
      
      <guid>https://dragon-library.github.io/library/articles/tags/%E0%B9%80%E0%B8%97%E0%B8%84%E0%B8%A7%E0%B8%B1%E0%B8%99%E0%B9%82%E0%B8%94/</guid>
      <description></description>
    </item>
    
    <item>
      <title>เทพเจ้ากรีก</title>
      <link>https://dragon-library.github.io/library/articles/tags/%E0%B9%80%E0%B8%97%E0%B8%9E%E0%B9%80%E0%B8%88%E0%B9%89%E0%B8%B2%E0%B8%81%E0%B8%A3%E0%B8%B5%E0%B8%81/</link>
      <pubDate>Fri, 22 Nov 2019 10:10:05 +0700</pubDate>
      
      <guid>https://dragon-library.github.io/library/articles/tags/%E0%B9%80%E0%B8%97%E0%B8%9E%E0%B9%80%E0%B8%88%E0%B9%89%E0%B8%B2%E0%B8%81%E0%B8%A3%E0%B8%B5%E0%B8%81/</guid>
      <description></description>
    </item>
    
    <item>
      <title>ประวัติศาสตร์</title>
      <link>https://dragon-library.github.io/library/articles/tags/%E0%B8%9B%E0%B8%A3%E0%B8%B0%E0%B8%A7%E0%B8%B1%E0%B8%95%E0%B8%B4%E0%B8%A8%E0%B8%B2%E0%B8%AA%E0%B8%95%E0%B8%A3%E0%B9%8C/</link>
      <pubDate>Wed, 20 Nov 2019 10:17:05 +0700</pubDate>
      
      <guid>https://dragon-library.github.io/library/articles/tags/%E0%B8%9B%E0%B8%A3%E0%B8%B0%E0%B8%A7%E0%B8%B1%E0%B8%95%E0%B8%B4%E0%B8%A8%E0%B8%B2%E0%B8%AA%E0%B8%95%E0%B8%A3%E0%B9%8C/</guid>
      <description></description>
    </item>
    
    <item>
      <title>เวลา</title>
      <link>https://dragon-library.github.io/library/articles/tags/%E0%B9%80%E0%B8%A7%E0%B8%A5%E0%B8%B2/</link>
      <pubDate>Fri, 15 Nov 2019 15:15:05 +0700</pubDate>
      
      <guid>https://dragon-library.github.io/library/articles/tags/%E0%B9%80%E0%B8%A7%E0%B8%A5%E0%B8%B2/</guid>
      <description></description>
    </item>
    
    <item>
      <title>clock</title>
      <link>https://dragon-library.github.io/library/articles/tags/clock/</link>
      <pubDate>Thu, 14 Nov 2019 11:40:11 +0200</pubDate>
      
      <guid>https://dragon-library.github.io/library/articles/tags/clock/</guid>
      <description></description>
    </item>
    
    <item>
      <title>time</title>
      <link>https://dragon-library.github.io/library/articles/tags/time/</link>
      <pubDate>Thu, 14 Nov 2019 11:40:11 +0200</pubDate>
      
      <guid>https://dragon-library.github.io/library/articles/tags/time/</guid>
      <description></description>
    </item>
    
    <item>
      <title>hugo</title>
      <link>https://dragon-library.github.io/library/articles/tags/hugo/</link>
      <pubDate>Fri, 09 Nov 2018 07:26:15 +1300</pubDate>
      
      <guid>https://dragon-library.github.io/library/articles/tags/hugo/</guid>
      <description></description>
    </item>
    
  </channel>
</rss>