<?xml version="1.0" encoding="utf-8" standalone="yes"?>
<rss version="2.0" xmlns:atom="http://www.w3.org/2005/Atom">
  <channel>
    <title>All posts on </title>
    <link>https://dragon-library.github.io/library/articles/allposts/</link>
    <description>Recent content in All posts on </description>
    <generator>Hugo -- gohugo.io</generator>
    <language>en-us</language>
    
	<atom:link href="https://dragon-library.github.io/library/articles/allposts/index.xml" rel="self" type="application/rss+xml" />
    
    
  </channel>
</rss>