<?xml version="1.0" encoding="utf-8" standalone="yes"?>
<rss version="2.0" xmlns:atom="http://www.w3.org/2005/Atom">
  <channel>
    <title>Money on </title>
    <link>https://dragon-library.github.io/library/articles/tags/money/</link>
    <description>Recent content in Money on </description>
    <generator>Hugo -- gohugo.io</generator>
    <language>en-us</language>
    <lastBuildDate>Mon, 02 Dec 2019 19:40:11 +0700</lastBuildDate>
    
	<atom:link href="https://dragon-library.github.io/library/articles/tags/money/index.xml" rel="self" type="application/rss+xml" />
    
    
    <item>
      <title>“เงินที่ดี”และ “ชีวิตที่ดี”</title>
      <link>https://dragon-library.github.io/library/articles/posts/good-life-financially/</link>
      <pubDate>Mon, 02 Dec 2019 19:40:11 +0700</pubDate>
      
      <guid>https://dragon-library.github.io/library/articles/posts/good-life-financially/</guid>
      <description>“เงินที่ดี”และ “ชีวิตที่ดี”ในความหมายของ “บรรยง พงษ์พานิช” “บรรยง พงษ์พานิช”ประธานกรรมการ บริษัททุนภัทร จำกัด (มหาชน)
เมื่อวันที่ 29- 30 พฤศจิกายน 2560 ที่ผ่านมา ในการประชุมประจำปีระดับนานาชาติ Sustainable Brands 2017 Bangkok หรือ SB’17 ซึ่งจัดขึ้นเป็นครั้งที่ 3 ในประเทศไทย ภายใต้แนวคิด “Redefining the Good life” หรือการนิยามคุณภาพชีวิตที่ดี เป็นความพยายามในการมองหาคำตอบจากผู้คนในสังคม ในแง่มุมต่างๆเกี่ยวกับ “ความหมาย” และ “คุณค่า” เพื่อเป็นจุดหมายปลายทางให้แบรนด์ที่ยั่งยืนได้กำหนดเป้าหมายของตนให้สอดคล้องและเป็นไปทิศทางร่วมกันกับคนในสังคมเกี่ยวกับ “ชีวิตที่ดี” ตอนหนึ่งของงานประชุม “บรรยง พงษ์พานิช” ประธานกรรมการ บริษัททุนภัทร จำกัด(มหาชน) ได้ปาฐกถาในหัวข้อ “Good Life,Financially” โดยมีรายละเอียดดังนี้
“อย่างที่ทุกท่านคงได้ยินมาตั้งแต่เมื่อวาน โจทย์ใหญ่หรือธีมของ Sustainable Brand 2017 Bangkok ในปีนี้คือ Redefining Good Life หรือการให้นิยามใหม่ว่า ‘ชีวิตที่ดี’ นั้นเป็นอย่างไรโดยครอบคลุมใน 8 มิติ เช่น Good Food, Good Home, Good Design, Good Energy ต่างๆนาๆ แต่จำเพาะในส่วนของผม ได้รับมอบหมายให้พูดเรื่อง Good Money หรือ ‘เงินที่ดี’ ที่จะมาช่วยเราสร้างชีวิตที่ดีในนิยามใหม่ ซึ่งฟังแล้วก็รู้สึกหนักใจกว่าคนอื่น เพราะฝรั่งบอก Money is the root of all evil เงินเป็นรากฐานของความชั่วร้ายทั้งมวลแถมนิยายปรำปราต่างๆ ที่เราเคยได้ยินได้รับการสั่งสอนกันมา ส่วนใหญ่ก็ให้เงินเป็นต้นเหตุของหายนะในรูปแบบต่างๆ เสมอ การจะให้มาพูดให้ Money นั้นฟัง good จึงค่อนข้างจะกินแรงอยู่มาก”</description>
    </item>
    
    <item>
      <title>15 ความจริงเรื่องการเงิน ที่คนไทยต้องรู้</title>
      <link>https://dragon-library.github.io/library/articles/posts/15-facts-about-finance/</link>
      <pubDate>Tue, 26 Nov 2019 19:40:11 +0700</pubDate>
      
      <guid>https://dragon-library.github.io/library/articles/posts/15-facts-about-finance/</guid>
      <description>15 ความจริงเรื่องการเงิน ที่คนไทยต้องรู้  Source : Money Buffalo
  ทันทีที่เด็กรู้จัก การบวก ลบ เลขเป็น ผู้ปกครองต้องรีบสอนเรื่องการเงินแบบง่าย ๆ ให้เด็กได้ทันที ไม่ต้องรอให้โตเป็นผู้ใหญ่ สอนให้เค้ารู้จัก การออมเงิน คุณค่าของเงิน การประหยัดมัธยัสถ์ ตั้งแต่เด็ก ๆ ให้เป็นนิสัย อย่างรอให้โตเป็นวัยรุ่นก่อนแล้วค่อยสอน เพราะอาจจะไม่ทันกับพฤติกรรมการใช้เงินของเด็ก และการยากในการอบรมสอนเรื่องพวกนี้ในวันข้างหน้า
 คนโดยทั่วไปมักจะมีวิธีลดหย่อนภาษีอย่างชอบธรรม และวิธีการส่วนใหญ่ถูกต้องตามกฎหมาย เช่น การซื้อประกัน การซื้อกองทุนต่างๆ เพื่อไปลดหย่อนภาษี หรือแม้แต่บริษัทองค์กรใหญ่ๆ ก็มักจะนำเงินบางส่วนออกมาช่วยบริจาคตามองค์กรการกุศลเพื่อนำไปลดหย่อนภาษีได้เป็นอย่างดี ซึ่งไม่ได้บอกว่าผิด แต่เป็นกระบวนการที่ถูกต้องในการลดการจ่ายภาษีเท่านั้นเอง คนไทยไม่รู้ มักจะไม่เข้าใจ และไม่เคยหาคำตอบว่าทำไม ต้องจ่ายภาษีแพงๆ ทุกปี
 ระบบการสอนเรื่องการเงิน การออม ของการศึกษาไทย นั้น ไม่มีและยังไม่มีวี่แวว จะถูกบรรจุเข้าไว้ในระบบการศึกษาไทยเลย ทั้ง ๆ ที่เป็นส่วนที่สำคัญสำหรับเด็กไทย และอนาคตของเยาวชนไทยด้วยซ้ำ น่าเศร้าตรงที่ เด็กไทยที่ผ่าน ๆ มาต้องโตขึ้นมา โดยเรียนรู้เรื่องการเงินเอาเองตอนเป็นผู้ใหญ่ และบางครั้งก็ไม่ทันกับสถานการณ์ เพราะบางคนเป็นหนี้หัวโต การเงินติดลบตัวแดง แทบล้มละลาย ไม่สามารถทำอะไรต่อไปได้ เพราะเพิ่งจะมาเข้าใจตอนเป็นผู้ใหญ่ และต้องใช้เวลาในการจัดการหนี้สินให้จบ ทำไมการศึกษาไทยบ้านเราไม่บรรจุสิ่งเหล่านี้ไปไว้ในบทเรียนเพื่อสอนให้เด็ก ๆ ของเรา เติบโตขึ้นมาพร้อมกับความรู้ทางการเงิน ไม่ใช่แค่เรียนเพียงบัญชี อย่างเดียว</description>
    </item>
    
  </channel>
</rss>