<?xml version="1.0" encoding="utf-8" standalone="yes"?>
<rss version="2.0" xmlns:atom="http://www.w3.org/2005/Atom">
  <channel>
    <title>ดาราศาสตร์ on </title>
    <link>https://yosarawut.github.io/knowledge-base/articles/tags/%E0%B8%94%E0%B8%B2%E0%B8%A3%E0%B8%B2%E0%B8%A8%E0%B8%B2%E0%B8%AA%E0%B8%95%E0%B8%A3%E0%B9%8C/</link>
    <description>Recent content in ดาราศาสตร์ on </description>
    <generator>Hugo -- gohugo.io</generator>
    <language>en-us</language>
    <lastBuildDate>Thu, 14 Nov 2019 11:40:11 +0200</lastBuildDate>
    
	<atom:link href="https://yosarawut.github.io/knowledge-base/articles/tags/%E0%B8%94%E0%B8%B2%E0%B8%A3%E0%B8%B2%E0%B8%A8%E0%B8%B2%E0%B8%AA%E0%B8%95%E0%B8%A3%E0%B9%8C/index.xml" rel="self" type="application/rss+xml" />
    
    
    <item>
      <title>Pale Blue Dot</title>
      <link>https://yosarawut.github.io/knowledge-base/articles/posts/pale-blue-dot/</link>
      <pubDate>Thu, 14 Nov 2019 11:40:11 +0200</pubDate>
      
      <guid>https://yosarawut.github.io/knowledge-base/articles/posts/pale-blue-dot/</guid>
      <description>Pale Blue Dot ภาพถ่ายที่บอกว่าดาราศาสตร์คือความอ่อนน้อมถ่อมตน ในหนังสือเรื่อง Cosmos ของคุณ Carl Sagan ซึ่งผู้เขียนยกย่องให้เป็นหนึ่งในหนังสือที่ดีที่สุดตลอดกาล และเป็นคัมภีร์การใช้ชีวิตมาจนถึงทุกวันนี้ อวกาศและดาราศาสตร์ในมุมมองของ Carl Sagan ชายที่ทำให้มนุษย์รักเขาด้วยความรักที่เขามีต่อจักรวาลถ่ายทอดออกมาผ่านตัวอักษรในทั้งงานเขียน งานบรรยาย นวนิยาย และมุมมองที่ทำให้เรารู้จักกับตัวเองมากขึ้นผ่านการศึกษาธรรมชาติ
หนึ่งในตอนที่เขาได้เขียนไว้ในหนังสือ Cosmos ที่ทำให้เราได้เปิดมุมมองไปพร้อมกันย้อนกลับไป ณ ช่วงที่ยาน Pioneer 10 เดินทางโฉบดาวพฤหัสฯ ในปี 1972 เป็นยานอวกาศลำแรกที่จะได้ถ่ายภาพในระยะใกล้ของดาวพฤหัสฯ ส่งกลับมา ภาพถ่ายนี้จะเป็นภาพถ่ายประวัติศาสตร์ แต่มุมมองที่ Sagan ถ่ายทอดมาในหนังสือของเขาได้แก่ช่วงเวลา 20-30 นาที ในขณะที่เขานั่งอยู่บนรถที่กำลังเดินทางไปยังสำนักงานใหญ่ของ JPL ในแคลิฟอร์เนีย เพื่อเป็นสักขีพยานเมื่อ Pioneer 10 ส่งภาพถ่ายนั้นกลับมา Sagan เล่าว่า เขานึกจินตนาการถึงดาวพฤหัสฯ ว่าจะมีลักษณะเป็นอย่างไรและนั่นจะเป็นการจินตนาการถึงดาวพฤหัสครั้งสุดท้าย เพราะต่อไปจากนี้ดินแดนที่ยังไม่เคยถูกสำรวจจะถูกสำรวจแล้ว เมื่อภาพถ่ายของดาวพฤหัสเดินทางมาถึง มันจะเปลี่ยนมุมมองที่เราเคยมีต่อดาวพฤหัสฯ ไปตลอดกาล
วันแห่งความรัก 14 กุมภาพันธ์ 1990 ตอนนั้นยาน Voyager 1 กำลังจะเดินทางออกนอกระบบสุริยะ Sagan ได้คุยกับทีมงานของ JPL ให้หันกล้องกลับมาถ่ายที่โลกของเราก่อนที่ยานจะเดินทางไปไกลแสนไกลและทิ้งไว้แต่เพียงมุมมองต่อจักรวาล (เหมือนเขาในอีกไม่กี่ปีต่อมาในอีก 7 ปีข้างหน้า) ภาพที่ได้มานั้น ไม่ได้มีข้อมูลทางวิทยาศาสตร์ที่น่าตื่นเต้นใด ๆ เป็นเพียงภาพที่ถูกรบกวนด้วยแสงอาทิตย์ และจุดเล็ก ๆ คือโลกของเรา</description>
    </item>
    
  </channel>
</rss>