<?xml version="1.0" encoding="utf-8" standalone="yes"?>
<rss version="2.0" xmlns:atom="http://www.w3.org/2005/Atom">
  <channel>
    <title>Series on </title>
    <link>https://yosarawut.github.io/knowledge-base/articles/us/categories/series/</link>
    <description>Recent content in Series on </description>
    <generator>Hugo -- gohugo.io</generator>
    <language>en-us</language>
    <lastBuildDate>Sat, 23 Nov 2019 11:40:11 +0200</lastBuildDate>
    
	<atom:link href="https://yosarawut.github.io/knowledge-base/articles/us/categories/series/index.xml" rel="self" type="application/rss+xml" />
    
    
    <item>
      <title>จรวดรุ่นใหม่ของ SpaceX เดินทางระหว่างทวีป จนถึงระหว่างดวงดาว</title>
      <link>https://yosarawut.github.io/knowledge-base/articles/us/english/posts/space-x/</link>
      <pubDate>Sat, 23 Nov 2019 11:40:11 +0200</pubDate>
      
      <guid>https://yosarawut.github.io/knowledge-base/articles/us/english/posts/space-x/</guid>
      <description>บทความโดย Nutn0n October 1, 2017
 เดินทางจากโลกสู่โลก โลกสู่สถานีอวกาศ โลกสู่ดวงจันทร์ และโลกสู่ดาวอังคารด้วยยานอวกาศรุ่นเดียวกัน แผนการใหม่ของ SpaceX ที่จะช่วยให้อวกาศใกล้ตัวมากขึ้น
หนึ่งปีก่อนหน้านี้ เป็นครั้งแรกที่ SpaceX เผย แผนการเดินทางไปดาวอังคาร ด้วยระบบการขนส่งระหว่างดาวชื่อ ITS หรือ Interplanetary Transportation System ส่วนประกอบหลักของมันคือยาน BFR – Big Falcon Rocket ที่มาพร้อมเครื่องยนต์ Raptor Engine มากถึง 42 ตัว ให้แรงยกทั้งหมด “หนึ่งร้อยยี่สิบหกล้านนิวตั้น” ซึ่งเทียบเท่ากับจรวด Falcon 9 มากถึง 16 ตัว บรรทุกผู้โดยสารกว่า 200 คนเดินทางไปยังดาวอังคารและดาวอื่น ๆ ในระบบสุริยะจักรวาล
ภาพจำลองยานขณะทำการปล่อยดาวเทียม ที่มา – SpaceX
แต่วันนี้ในงาน International Astronautical Congress ที่ในปีนี้จัดขึ้นที่ประเทศออสเตรเลีย Elon Musk ได้ขึ้น Keynote มาอัพเดทแผนการดังกล่าวโดยมีการกล่าวถึง 4 โครงการหลักได้แก่
 Moon Base การนำคนไปยังดวงจันทร์ การตั้งถิ่นฐานที่ดาวอังคาร การใช้ BFR เดินทางสู่สถานีอวกาศนานชาติ Earth to Earth โครงการบริการขนส่งคนข้ามทวีปภายในเวลาไม่กี่นาทีด้วยจรวด  จรวดรุ่นที่ใช้จะเป็นรุ่นที่ย่อส่วนลงเล็กน้อยของจรวด BFR ซึ่งเปลี่ยนจากเครื่องยนต์ 42 ตัวเป็น 31 ตัว ซึ่ง Elon Musk ได้บอกว่ามีความสามารถเพียงพอที่จะใช้ในการส่งคนไปดวงจันทร์เพื่อสร้างฐานดวงจันทร์, ใช้ในการปล่อยดาวเทียมขนาดใหญ่ หรือแม้กระทั่งส่งเสบียงและขนของขึ้นไปยังสถานีอวกาศนานาชาติ</description>
    </item>
    
    <item>
      <title>10 สุดยอดเรือรบ ที่ทรงพลังและใหญ่ที่สุดในโลก</title>
      <link>https://yosarawut.github.io/knowledge-base/articles/us/english/posts/top10_battleship/</link>
      <pubDate>Fri, 22 Nov 2019 23:10:05 +0700</pubDate>
      
      <guid>https://yosarawut.github.io/knowledge-base/articles/us/english/posts/top10_battleship/</guid>
      <description>รวม 10 สุดยอดเรือรบ ทรงพลังที่ใหญ่ที่สุดในโลกจากกองทัพเรือนานาชาติ เสริมแสนยานุภาพทัพนาวิกโยธิน ให้เกรียงไกร น่าหวั่นเกรง
หลังจากที่เพิ่งมีการเปิดตัว ยูเอสเอส ซัมวอลท์ ว่าที่เรือรบพิฆาตลำล่าสุดของสหรัฐฯ ที่เพิ่งแล่นออกจากอู่ต่อเรือในรัฐเมน มุ่งหน้าสู่ทะเล เพื่อทดสอบประสิทธิภาพก่อนส่งมอบให้กองทัพเรือสหรัฐฯ (อ่านข่าว ยลโฉมเรือรบพิฆาตลำล่าสุดของสหรัฐฯ ทันสมัย-ล่องหนได้ ออกทะเลเตรียมทดสอบแล้ว) ได้ปลุกความสนใจเรื่องเรือรบจากนานาประเทศขึ้นมา ถึงแสนยานุภาพการสู้รบทางน้ำของแต่ละชาติ ซึ่งในปัจจุบันไม่เพียงแต่มีการติดตั้งยุทโธปกรณ์บนตัวเรือ เรือยังบรรทุกอากาศยานได้ คอยเป็นฐานในการจอดและปล่อยอากาศยานเพื่อสู้รบด้วย ในวันนี้กระปุกดอทคอมจึงขอนำทุกท่านไปพบกับ 10 สุดยอดเรือรบจากทัพเรือนานาชาติที่ทรงพลังและใหญ่ที่สุดในโลก ตามข้อมูลจากเว็บไซต์เทเลกราฟ มาฝากกัน ลองไปดูว่าประเทศไหนได้ชื่อว่าเป็นเจ้าของเรือรบที่น่าเกรงขามมากที่สุดในโลก
ก่อนจะไปเริ่มกันกับเรือรบที่แต่ละประเทศใช้ประจำการอยู่ในปัจจุบัน ขอแนะนำ ยูเอสเอส ซัมวอลท์ (USS Zumwalt) ให้รู้จักกันสักเล็กน้อย ในฐานะเรือรบพิฆาตกำเนิดใหม่ล่าสุด สำหรับ ยูเอสเอส ซัมวอลท์ เป็นเรือรบพิฆาตลำใหญ่ที่สุดเท่าที่เคยมีการผลิตให้แก่กองทัพเรือสหรัฐฯ ได้แล่นออกจากอู่ต่อเรือมุ่งหน้าลงทะเลเพื่อทดสอบประสิทธิภาพของเรือเมื่อต้นเดือนธันวาคมที่ผ่านมา โดยคาดว่าจะทดสอบเสร็จเรียบร้อยและส่งมอบให้กับทัพเรือสหรัฐฯ ได้ภายในปี 2559
ยูเอสเอส ซัมวอลท์ มีความยาวถึง 185 เมตร ขนาดระวาง 15,000 ตัน มาพร้อมคุณสมบัติพิเศษสุดโดดเด่น สามารถพรางตัวจากเรดาร์เรืออื่น ๆ ได้ โดยจะถูกจับสัญญาณปรากฏเป็นเรือขนาดเล็กไม่ต่างจากเรือหาปลาทั่ว ๆ ไปเท่านั้น นอกจากนี้ก็ยังติดตั้งยุทโธปกรณ์ประจำเรือที่ทันสมัยและทรงประสิทธิภาพยิ่งกว่าเก่า ทั้งขีปนาวุธพิสัยไกล 100 กิโลเมตร และยังรองรับการติดตั้งอาวุธเลเซอร์และปืนแม่เหล็กไฟฟ้า (Electromagnetic Rail Gun) ด้วยคุณสมบัตินี้ทำให้เมื่อประจำการจริง ยูเอสเอส ซัมวอลท์ จะเป็นเรือรบพิฆาตที่ทันสมัยและมีประสิทธิภาพมากที่สุดลำหนึ่งของโลกในยุคปัจจุบัน</description>
    </item>
    
    <item>
      <title>เทควันโด-Wikipedia</title>
      <link>https://yosarawut.github.io/knowledge-base/articles/us/english/posts/taegwondo_wiki/</link>
      <pubDate>Fri, 22 Nov 2019 15:16:05 +0700</pubDate>
      
      <guid>https://yosarawut.github.io/knowledge-base/articles/us/english/posts/taegwondo_wiki/</guid>
      <description>เทควันโด (เกาหลี: 태권도, MC: Taegwondo, MR: T&amp;rsquo;aekwŏndo, แท-ควัน-โด) เป็นศิลปะการต่อสู้ป</description>
    </item>
    
    <item>
      <title>เทควันโดเกาหลี</title>
      <link>https://yosarawut.github.io/knowledge-base/articles/us/english/posts/taekwondo-korea/</link>
      <pubDate>Fri, 22 Nov 2019 15:15:05 +0700</pubDate>
      
      <guid>https://yosarawut.github.io/knowledge-base/articles/us/english/posts/taekwondo-korea/</guid>
      <description>เทควันโด เป็นศิลปะการต่อสู้โบราณของชาวเกาหลี ซึ่งเป็นวิธีการป้องกันตัวเองโดยใช้มือและเท้า จุดมุ่งหมายสูงสุดของการฝึกเทควันโดคือการพัฒนาบุคลิกภาพและอุปนิสัยของผู้ฝึกทั้งทางด้านร่างกาย จิตใจและวิญญาณ ปัจจุบันเทควันโดเป็นกีฬาที่แพร่หลายไปทั่วโลก หลังจากมีการบรรจุเทควันโดเข้าไว้ในกีฬาโอลิมปิกอย่างเป็นทางการ เมื่อปี ค.ศ. 2000
อะไรที่ทำให้เทควันโดมีเสน่ห์ดึงดูด ในแง่กีฬา: การเคลื่อนไหวและเทคนิคของเทควันโดถูกสร้างขึ้นให้ผู้ฝึกสามารถใช้ส่วนต่างๆของร่างกายได้อย่างสมดุล ซึ่งช่วยเพิ่ม ความยืดหยุ่นของแขนขาได้อย่างสม่ำเสมอ และยังช่วยกําจัดความเครียดโดยการตะโกนไปด้วยขณะทําการฝึกการเตะและต่อย
ในแง่ความหมายของการป้องกันตัวเอง ในขณะที่เทควันโดเป็นกีฬาเหมือนกับศิลปะการต่อสู้อื่นๆ ซึ่งใช้มือเปล่าและเท้าเปล่า แต่เทควันโดแตกต่างจากศิลปะการต่อสู้เหล่านั้นโดยที่มีพลังการโจมตีในระดับเหนือกว่าซึ่งเนื่องมาจากการใช้เท้านั่นเอง อย่างไรก็ตาม เทควันโดมุ่งเน้นไปที่การป้องกันมากกว่าการโจมตี
ในแง่ความหมายของการสร้างวินัยให้ตนเอง เทควันโดเป็นการสร้างวินัยให้ตนเองที่มีประสิทธิภาพ โดยทั้งเป็นการทําให้ร่างกายและจิตใจแข็งแกร่ง และยังสอนให้มีมารยาทในเกมส์การแข่งขันกับคู่ต่อสู้คนอื่นอีกด้วย
องค์ประกอบพีนฐาน 3 ประการของเทควันโด
 พุมเซ (ท่วงท่า) – โครงสร้างที่เป็นแบบแผนของเทคนิค ซึ่งทําให้แต่ละคนสามารถฝึกโจมตีและป้องกันได้ราวกับว่ากําลังเผชิญหน้าอยู่
 เกียกพา (การทําลาย หรือ การกําจัด) – เทคนิคที่ใช้ในการสอบหรือในการสาธิต โดยผู้ฝึกซึ่งเชียวชาญในเทคนิคการเคลื่อนไหวพื้นฐานแล้ว ใช้ความแข็งแกร่ง ทําลายวัสดุแข็งๆ เช่น กระดานไม้ แผ่นกระเบืองหรืออิฐ
 เกียวรูกี (การแข่งขัน) – เป็นการแสดงถึงกระบวนความเชี่ยวชาญในเทคนิคที่จําเป็นต่อการโจมตีและการป้องกันในการต่อสู้แบบหนึ่งต่อหนึ่ง และเป็นการแสดงถึงกระบวนการในการประเมินความเชี่ยวชาญในเทคนิคเหล่านั่นด้วย
  เตรียมความพร้อมสู่ประสบการณ์เทควันโด เรียนเทควันโดในประเทศต้นกําเนิดถือว่าเป็นประสบการณ์ที่น่าจดจํายิ่งนัก และมีโดจัง (ศูนย์ฝึก) บางที่เปิดชั้นเรียนให้ชาวต่างชาติด้วยเป็นแบบภาษาอังกฤษ แต่ก็เรียนแบบเกาหลีดั้งเดิมควบคู่ไปด้วย ซึ่งศูนย์ฝึกเหล่านี้จัดการเรียนพิเศษ 2-3 ชั่วโมง ซึ่งเป็นการสอนพื้นฐานของนักกีฬารวมทั้งการสาธิต แต่ต้องรวมกลุ่มให้ได้อย่างน้อย 5 คนและต้องติดต่อไปนัดล่วงหน้าก่อนด้วย</description>
    </item>
    
    <item>
      <title>เพกาซัส (Pegasus)</title>
      <link>https://yosarawut.github.io/knowledge-base/articles/us/english/posts/pegasus/</link>
      <pubDate>Fri, 22 Nov 2019 10:10:05 +0700</pubDate>
      
      <guid>https://yosarawut.github.io/knowledge-base/articles/us/english/posts/pegasus/</guid>
      <description>Pegasus เป็นสัตว์ยอดเยี่ยมซึ่งสามารถพบได้ในตำนานเทวดาภาษากรีก เจ้าสัตว์ตัวนี้มีรูปร่างเสมือนม้า กายสีขาวแต่ว่ามีปีก ซึ่งบิดาของมันบางครั้งก็อาจจะเป็นเทวดาที่สมุทรอย่าง Poseidon ตอนที่แม่เป็น Medusa Pegasus นั้นมีชื่อเสียงจากการที่ได้ให้ความให้การช่วยเหลือ Perseus แล้วก็ Bellerophon สำหรับเพื่อการทำภารกิจ
Pegasus เกิดขึ้นมาในตอนที่ Perseus สะบั้นคอของ Medusa ขาด แล้วก็ทันทีทันใดเจ้าม้ามีปีกตัวนี้ก็บินออกมาจากคอที่ขาดนั้น ข้างในข้างหลังนี้ Pegasus ได้เป็นเป็นยานพาหนะของ Bellerophon แล้วก็ยังเผชิญได้จากการช่วยวีรบุรุษสำหรับเพื่อการกำจัดสัตว์ร้ายยกตัวอย่างเช่น Chimera รวมทั้งเรื่องราวการบินไปที่ Olympus
ในนิยายของ Hesiod เขียนไว้ว่า Medusa ได้ร่วมเพศกับ Poseidon ท่ามกลางทุ่งดอกไม้ จนถึงก่อเกิดเป็น Pegasus กับ Chrysaor
Hesiod ยังพูดถึงภายหลังที่ Pegasus ได้กำเนิดออกมาเจ้าม้าก็ได้บินไปที่ Olympus ซึ่งเป็นที่อยู่ราชสำนักของ Zeus แล้วก็ Pegasus ก็ได้รับหน้าที่แปลงเป็นยานพาหนะของทวยเทพเทวดาสายฟ้า
แต่ว่าในตำนานอีกแบบพูดว่า Pegasus ได้ใช้เวลาอยู่บนโลกก่อนจะบินไปที่ Olympus รวมทั้งระหว่างนั้น Pegasus ก็ได้ให้ความช่วยเหลือเกื้อกูลสองวีรบุรุษอย่าง Perseus รวมทั้ง Bellerophon
ภายหลังการเสียชีวิตของ Medusa Perseus ก็ได้กลับไปอยู่ที่บ้านของเขา รวมทั้งกลางทางก็ได้ยินเรื่องของหญิงงามที่ถูกตรึงโซ่ไว้กับหิน โน่นเป็น Andromeda บุตรสาวของกษัตริย์และก็ราชินีที่ Ethiopia รวมทั้งด้วยเหตุว่าราชินีได้ไปคุยโตว่าบุตรสาวตนเองนั้นงามกว่า Nereids ผู้ติดตามของ Poseidon</description>
    </item>
    
    <item>
      <title>12 เทพโอลิมปัส</title>
      <link>https://yosarawut.github.io/knowledge-base/articles/us/english/posts/greek-mythology-3/</link>
      <pubDate>Fri, 22 Nov 2019 09:25:05 +0700</pubDate>
      
      <guid>https://yosarawut.github.io/knowledge-base/articles/us/english/posts/greek-mythology-3/</guid>
      <description>สภาเทพแห่งโอลิมปัส เป็นเหล่าทวยเทพสูงสุดตามความเชื่อของชาวกรีกโบราณ มีทั้งหมด 12 องค์ สถิตย์อยู่ ณ เขาโอลิมปัส ซึ่งเป็นเขาที่มีอยู่จริงในประเทศกรีซ โดยเป็นเขาที่สูงสุดในกรีซ
1. เทพเจ้าซุส (Zeus) เทพซูส เป็นราชาแห่งทวยเทพ ผู้ปกครองเขา โอลิมปัส (Olympus) และเทพแห่งท้องฟ้าและฟ้าร้องของ ตำนานเทพปกรณัมกรีก สัญลักษณ์ประจำพระองค์คือสายฟ้า โคเพศผู้ นกอินทรี และต้นโอ๊ก นามของซีอุสแปลว่าความสว่างของท้องฟ้า นามของพระองค์ในตำนานเทพปกรณัมโรมันคือ เทพจูปิเตอร์ (Jupiter) และนามในตำนานอีทรูสแคนคือเทพไทเนีย (Tinia)
พระองค์เป็นพระโอรสองค์สุดท้องของ โครนัส (Cronus) และ รีอา(Rhea) ซึ่งเป็น เทพไททัน ในหลายๆ ตำนานกล่าวว่าพระองค์ได้สมรสกับ เทพีเฮร่า (Hera) แต่ก็มีสถานศักดิ์สิทธิ์แห่ง เมืองดอโดน่า (D0d0na) ที่อ้างว่าคู่สมรสของเทพซูสแท้จริงแล้วคือ เทพีไดโอนิ (Dione) นอกจากนี้ มหากาพย์อีเลียด (Illiad) ยังกล่าวไว้ว่าเทพซูสเป็นพระบิดาของ เทพีอโฟรไดต์ (Aphrodite) ที่กำเนิดจากเทพีไดโอเน่อีกด้วย เทพซูสมักมีชื่อเสียงในพฤติกรรมนอกลู่นอกทางเรื่องชู้สาวของพระองค์ ซึ่งยังรวมไปถึงความสัมพันธ์กับเด็กหนุ่มนาม แกนีมีด (Ganymede) ด้วยเช่นกัน พฤติกรรมของพระองค์ทำให้เกิดผู้สืบเชื้อสายอยู่หลายองค์และหลายคนด้วยกัน อาทิเช่น เทพีอาธีน่า (Athena) เทพอพอลโล (Apollo) และ เทพีอาร์ทีมีส (Artemis) เทพเฮอร์มีส (Hermes) เทพีเพอร์ซิโฟเน่ (Persephone) เทพไดโอไนซัส(Dionysus) วีรบุรุษเพอร์ซิอุส (Perseus) วีรบุรุษเฮอร์คิวลีส (Hercules) เฮเลนแห่งทรอย (Helen) กษัตริย์ไมนอส (Minos) และเหล่า เทพีมิวเซส (Muses) ส่วนผู้สืบเชื้อสายที่เกิดจากเทพีเฮร่าโดยตรงได้แก่ เทพเอรีส (Ares) เทพีเฮบี (Hebe) และเทพ เอฟเฟสตตุส (Hephaestus) เทพีเอริส (Eris) และ เทพีไอไลธีเอีย (Eileithyia)</description>
    </item>
    
    <item>
      <title>เทพไททัน</title>
      <link>https://yosarawut.github.io/knowledge-base/articles/us/english/posts/greek-mythology-2/</link>
      <pubDate>Fri, 22 Nov 2019 09:20:05 +0700</pubDate>
      
      <guid>https://yosarawut.github.io/knowledge-base/articles/us/english/posts/greek-mythology-2/</guid>
      <description>1. โครนัส (Cronus) โครนัส (อังกฤษ: Cronus หรือ Kronus, /kroʊnəs/; ภาษากรีกโบราณ: Κρόνος, Krónos) เป็นผู้นำเหล่ายักษ์ไททัน (Titan) รุ่นแรกที่มีอายุน้อยที่สุด ซึ่งเป็นทายาทของเทพีไกอา (Gaia) พระแม่ธรณี และเทพบิดายูเรนัส (Uranus) เทพแห่งท้องฟ้า เทพโครนัสได้โค่นบัลลังก์ของพระบิดา (เทพยูเรนัส) และขึ้นครองบัลลังก์ในช่วงยุคทอง จนกระทั่งถูกโค่นบัลลังก์โดยพระโอรสของตน คือ เทพซูส (Zeus) เทพโครนัสมิได้ถูกจองจำในยมโลกทาร์ทารัส (Tartarus) เหมือนเช่นไททันตนอื่น ๆ แต่เขากลับหลบหนีไป
ด้วยเหตุที่ว่าเทพโครนัสมีความเกี่ยวเนื่องกับยุคทอง เขาจึงได้รับการสักการะในฐานะเทพแห่งฤดูเก็บเกี่ยว ซึ่งรวมไปถึงการเก็บเกี่ยวพืชผลเช่น ข้าว ธรรมชาติ ผลผลิตทางการเกษตร และการเดินไปข้างหน้าของกาลเวลาที่เกี่ยวข้องกับมนุษย์ ภาพของเทพโครนัสมักถือเคียวไว้ในมือ ซึ่งพระองค์ใช้ในการเก็บเกี่ยวพืชผล และเป็นอาวุธที่พระองค์ใช้โค่นบัลลังก์เทพยูเรนัส ในกรุงเอเธนส์ (Athens) วันที่ 12 ของทุกๆ เดือน ถูกเรียกว่าวันฮีคาทอมบาเอียน (Hekatombaion) ซึ่งจะมีงานเทศกาลชื่อว่า เทศกาลโครเนีย (Kronia) จะจัดขึ้นเพื่อเป็นเกียรติแก่เทพโครนัสสำหรับฤดูเก็บเกี่ยว พระนามของเทพโครนัสในตำนานเทพปกรณัมโรมันคือ เทพแซเทิร์น (Saturn)
2. โอเซียเนิส (Oceanus) โอเซียเนิส (อังกฤษ: Oceanus, /oʊˈsiənəs/; กรีก: Ωκεανός , Okeanos) เป็นระบบที่เชื่อมต่อกันของแหล่งน้ำ เขตน่านน้ำ และมหาสมุทรของโลก (world-ocean) ในยุคสมัยคลาสสิกโบราณซึ่งชาวโรมันและชาวกรีกโบราณคิดว่ามันคือแม่น้ำขนาดใหญ่ที่ล้อมรอบโลกอยู่ ตามตำนานเทพปกรณัมกรีก มีไททันตนหนึ่งถูกใช้เป็นบุคลาธิษฐานแทนแหล่งน้ำนี้ ซึ่งไททันตนนี้เป็นพระโอรสของไททันยูเรนัส (Uranus) และเทพีไกอา (Gaia) ผลงานศิลปแบบโมเสคของเฮเลนนิสต์และโรมันมักออกแบบไททันตนนี้ให้มีช่วงบนของร่างเป็นชายร่างบึกบึน มีหนวดเครายาวรุงรัง และเขา ส่วนช่วงล่างจะเป็นร่างของงูเซอร์เพนท์ (serpent) ในภาพวาดบนชิ้นส่วนจากเครื่องปั้นในช่วงประมาณ 580 ปีก่อนคริสตกาล ในกลุ่มเทพที่เข้าร่วมงานวิวาห์ของกษัตริย์เพเลอุซ (Peleus) และนิมฟ์ทะเลเธทิส (Thetis) ไททันโอเซียเนิสมีหางเป็นปลา ในมือขวาถือ &amp;ldquo;terd&amp;rdquo; และมือซ้ายถืองูเซอร์เพนท์ ซึ่งสองสิ่งนี้เป็นของขวัญแห่งความมั่งคั่งและคำทำนาย ในผลงานโมเสคโรมัน ก็มีภาพไททันโอเซียเนิสถือไม้พายและอุ้มเรือด้วยเช่นกัน</description>
    </item>
    
    <item>
      <title>ปฐมเทพ</title>
      <link>https://yosarawut.github.io/knowledge-base/articles/us/english/posts/greek-mythology-1/</link>
      <pubDate>Fri, 22 Nov 2019 09:15:05 +0700</pubDate>
      
      <guid>https://yosarawut.github.io/knowledge-base/articles/us/english/posts/greek-mythology-1/</guid>
      <description>1. โครนอส ก่อนที่จะกำเนิดโลกขึ้นมานั้น ผืนแผ่นดินได้กำเนิดขึ้นมาก่อนนั่นก็คือจีอาและนางก็ดลบันดาลให้มีท้องฟ้านั่นก็คืออูรานอส ทั้งคู่ครองรักกันอยู่บนภูเขาโอลิมปัสซึ่งถูกสร้างขึ้นมาให้อยู่ตรงกลางของโลก
จีอาได้ให้กำเนิดบุตรทั้ง 6 คนขึ้นมานั่นก็คือ โอเซียนัส (Oceanus) ซีอัส (Coeus) ครีอัส (Creus) ไฮเพอร์เรียน (Hyperion) ไอแอพิทัส (Iapetus) และโครนอส (Cronus) และให้กำเนิดเทพธิดา 6 องค์ นามว่า เธีย (Thea) รีอา (Rhea) ธีมิส (Themis) ธีทิส (Thetis) เนโมซินี (Nemosyne) และฟีบี (Phoebe) บุตรและธิดามีขนาดร่างกายที่ใหญ่ยักษ์ที่เรียกว่า ไททัน หรือ ไจแกนนีส อูรานอสเกิดความหวาดหวั่นว่าลูกๆทั้ง 12 ตนของตัวเองจะมาทำลายล้างตนจึงส่งทั้งลูกๆทั้ง 12 ตนลงไปในขุมนรกทาร์ทารัส ต่อมา จอมมารดาจีอาก็ให้กำเนิดโอรสที่ดุร้าย แถมมีร่างกายที่แปลกประหลาดมากยิ่งขึ้นไปอีก คือ เป็นยักษ์ 50 หัว 100 แขน จำนวน 3 ตน คือ คอตทัส (Cottus) เบรียรูส (Briareus) และไกจีส (Gyges) ต่อมาจอมมารดาจีอาก็ให้กำเนิดโอรสเป็นยักษ์ตาเดียว เรียกว่า ไซคลอปส์ (Cyclops) อีก 3 ตน มีนามตามลำดับว่า ฟ้าลั่น-บรอนทีส (Brontes) ฟ้าแลบ-สเทอโรพีส (Steropes) และแสงสว่างวาบ-อาจีส (Arges) ฝ่ายจอมมารดาจีอานั้นรู้สึกไม่พอใจที่อูรานอสจับลูกๆ ลงไปขังไว้ในตรุทาร์ทะรัสทั้งหมด แต่แม้จะห้ามปรามอย่างใรอูรานอสก็ไม่ฟัง จอมมารดาจีอาจึงลงไปที่ตรุทาร์ทะรัสและยุยงลูกๆ ให้ร่วมคิดกันแย่งอำนาจจากบิดาให้จงได้</description>
    </item>
    
    <item>
      <title>ปฐมบทตำนานเทพเจ้ากรีก</title>
      <link>https://yosarawut.github.io/knowledge-base/articles/us/english/posts/greek-mythology/</link>
      <pubDate>Fri, 22 Nov 2019 09:10:05 +0700</pubDate>
      
      <guid>https://yosarawut.github.io/knowledge-base/articles/us/english/posts/greek-mythology/</guid>
      <description>ในอดีตกาลสมัยที่ยังไม่มีเหล่าเทพทั้งหลาย จักรวาลมีลักษณะเป็นความว่างเปล่าไร้ที่สิ้นสุด ไม่สามารถอธิบายได้ว่าเป็นรูปร่างอะไรกันแน่เรียกว่า &amp;ldquo;เคออส&amp;rdquo; (Chaos) ต่อมาได้เกิดสองสรรพสิ่งขึ้นคือ เกอา เป็นจอมมารดาของสรรพสิ่งทั้งปวง เป็นตัวแทนของแผ่นดิน โดยมีอูรานอสหรือ ยูเรนัส เป็นตัวแทนของท้องฟ้าเกอาและยูเรนัสแต่งงานอยู่กินกันแล้วได้ให้กำเนิดโอรส 6 องค์, ธิดา 6 องค์ แต่ละองค์มีร่างกายใหญ่มหึมาเรียก 12 องค์นี้รวมกันว่า &amp;ldquo;คณะเทพไททัน&amp;rdquo; ยูเรนัสเกรงกลัวความใหญ่โตทรงพลังของลูกตัวเองว่าจะเป็นภัยต่อตัวเองในอนาคต จึงจับลูกตัวเองทั้งหมดไปขังไว้ในคุกทาร์ทะรัสที่เหวลึกใต้บาดาลหลังจากนั้นทั้งเกอาและยูเรนัส ได้คลอดโอรสออกมาอีก 3 องค์เป็นยักษ์มี 50 หัว 100 แขน แต่ก็เข้าอีหรอบเดิมคือโดนจับโยนลงไปขังที่ทาร์ทะรัสเหมือนกันทีนี้โอรสชุดต่อมาเป็นยักษ์ตาเดียว 3 ตนเรียกรวมกันว่าพวกไซคลอปส์ ประกอบด้วย ฟ้าลั่น (บรอนทีส), ฟ้าแล่บ (สเทอโรพีส) และแสงสว่างวาบ (อาร์เกส)
ไซคลอปส์โดนยูเรนัสจับโยนลงไปเหมือนเดิม แต่ความสว่างที่มีในตัวของไซคลอปส์ช่วยให้ โอรสธิดาของยูเรนัสที่อยู่ในคุกทาร์ทะรัส เกิดความหวังและอยากลุกขึ้นมาต่อสู้เพื่อเป็นไท พระนางเกอาไม่พอใจที่ยูเรนัสทำกับลูก ๆ เช่นนี้เพียงเพื่อต้องการรักษาอำนาจ จึงตัดสินใจลงไปใต้บาดาลยุยงให้บรรดาลูก ๆ 12 องค์แรกซึ่งเป็นคณะเทพไททันปฏิบัติการรัฐประหารผู้เป็นพ่อเสียคนที่ตอบรับคือ โครนุส โอรสองค์เล็ก เกอาจึงมอบเคียวให้เป็นอาวุธแล้วส่งลูกขึ้นไปรัฐประหารสามีตัวเองได้สำเร็จหลังจากชนะ โครนุส ได้ปลดปล่อยพี่น้องคณะเทพไททันให้เป็นอิสระ แล้วสถาปนาตัวเองขึ้นครองเทพบัลลังก์แทนพ่อที่เขาโอลิมปัส, เลือกน้องสาวตัวเองที่เป็นคณะเทพไททันเช่นกันนามว่า รีอา เป็นมเหสีก่อนที่ ยูเรนัส จะสิ้นชีพเขาได้สาปแช่งโครนุสว่าให้กรรมตามสนองด้วยการถูกลูก ๆ ของตัวเองแย่งอำนาจเช่นกันและเรื่องราวที่จะนำมาเล่าให้อ่านต่อไปนั้น ตรงกับคำสาปแช่งไม่มีผิดเพี้ยน
 ที่มาบทความ : mythologygreekk.weebly.com.
 </description>
    </item>
    
    <item>
      <title>10 สุดยอดเครื่องบินขับไล่ในปัจจุบัน</title>
      <link>https://yosarawut.github.io/knowledge-base/articles/us/english/posts/fightingf-falcon/</link>
      <pubDate>Wed, 20 Nov 2019 16:10:05 +0700</pubDate>
      
      <guid>https://yosarawut.github.io/knowledge-base/articles/us/english/posts/fightingf-falcon/</guid>
      <description>เครื่องบินรบที่ทันสมัยกลายเป็นอำนาจในการต่อรอง เป็นการแสดงออกถึงการให้ความสำคัญสูงสุดในการป้องกันประเทศ มีใว้เพื่อคานอำนาจทางการทหารหรือเพื่อการรุกราน เครื่องเจ็ตขับไล่โจมตีของกองทัพอากาศทั่วโลกที่มีทั้งเก่าและใหม่ตามกำลังทรัพย์ของแต่ละประเทศ แต่เครื่องบินขับไล่ในกองทัพอากาศของบางประเทศโดยเฉพาะชาติที่ชอบแผ่ขยายขอบเขตของอำนาจทางการทหารนั้นมีประสิทธิภาพสูงมาก และนี่คือการรวบรวมเจ็ตขับไล่โจมตีที่ดีที่สุด 10 อันดับแรกในปี 2017
10. General Dynamics F-16 Fighting Falcon F- 16 เหยี่ยวจอมรุกรบเป็นหนึ่งในเครื่องบินที่ได้รับความนิยมมากที่สุดในโลก ด้วยความสามารถในการต่อสู้ขั้นสูงที่ได้รับการพิสูจน์แล้วในสมรภูมิกลางอากาศทั่วโลก F-16 ได้รับการออกแบบมาเพื่อปฏิบัติการทางอากาศทั้งขับไล่และบินโจมตีที่เหนือกว่าของกองทัพอากาศสหรัฐฯ หลังจากนั้นด้วยการรวมเทคโนโลยีล่าสุดเพื่อการปรับปรุงทำให้ F-16 ในปัจจุบันกลายเป็นเครื่องบินขับไล่ที่มีความสามารถในการปฏิบัติภารกิจที่หลากหลาย
F-16 ติดตั้งเครื่องยนต์ Pratt &amp;amp; Whitney F100-P-220E turbofan จำนวน 1 เครื่อง ทำความเร็วสูงสุดได้ 2,120 กิโลเมตรต่อชั่วโมง พิสัยบิน 4,220 กิโลเมตรเมื่อติดตั้งถังเชื้อเพลิงสำรอง เครื่องบินรุ่นนี้มีขนาดเล็กและเบา ทำให้เกิดความคล่องแคล่วว่องไว มีความคล่องตัวสูงมากแม้จะมีเครื่องยนต์แค่ตัวเดียวแต่กลับมีประสิทธิภาพเหลือร้าย ระบบควบคุมการบินด้วยอิเล็กทรอนิกส์ทำให้เกิดความคล่องตัว ประสิทธิภาพทางการบินที่ยอดเยี่ยมและการโหลดอาวุธที่ครบเครื่องทำให้เหยี่ยวพิฆาตลำนี้ครองอันดับที่ 10 อากาศยานขับไล่ที่ดีที่สุดในโลก
9. McDonnell Douglas F15 Eagle แก่แต่เก๋า F15 Eagle เป็นเครื่องบินรบที่มีศักยภาพทางการบินสูงมาก มันสามารถบินที่ระดับความสูง 10,000 เมตรด้วยความเร็วสูงสุด 1,650 ไมล์ต่อชั่วโมง F-15 ออกแบบและผลิตโดยบริษัท McDonnell Douglas ขึ้นบินเป็นครั้งแรกในปี ค.ศ. 1972 เป็นอากาศยานรบที่มีการพัฒนาระบบบินและเครื่องยนต์อยู่ตลอดเวลา โดยมีระบบควบคุมการบินที่มีประสิทธิภาพ ทำให้ F-15 สามารถปฏิบัติภารกิจบินสกัดกั้นโจมตีได้อย่างโดดเด่น</description>
    </item>
    
    <item>
      <title>โค้ชเช ชเว ยอง ซอก ผู้ชายที่ทุ่มเททั้งชีวิตให้เทควันโดไทย</title>
      <link>https://yosarawut.github.io/knowledge-base/articles/us/english/posts/coch-choi-young-seok/</link>
      <pubDate>Wed, 20 Nov 2019 11:15:05 +0700</pubDate>
      
      <guid>https://yosarawut.github.io/knowledge-base/articles/us/english/posts/coch-choi-young-seok/</guid>
      <description>บ่ายวันนี้ท้องฟ้าแจ่มใสกว่าทุกวัน…ในทันทีที่รถบีเอ็มดับเบิลยูสีขาวป้ายแดงแล่นเข้ามาจอดที่ลานจอดรถของสมาคมเทควันโดแห่งประเทศไทย ชายหนุ่มที่เรารอคอยก็เดินลงจากรถ พร้อมกับทักทายทุกคนด้วยใบหน้ายิ้มแย้มไม่ต่างจากที่เห็นในจอโทรทัศน์ เขาคือ โค้ชเช
นาทีนี้คาดว่าชื่อของชเว ยอง ซอก (Choi Young Seok) ในฐานะโค้ชชาวเกาหลี ผู้ทำหน้าที่หัวหน้าผู้ฝึกสอนนักกีฬาเทควันโดทีมชาติไทย คงเป็นที่รู้จักของคนทั้งประเทศแล้ว บรรดาสาวน้อยสาวใหญ่อาจนิยมชมชอบหน้าตาที่หล่อเหลาไม่แพ้นักร้อง K – Pop ของเขา แต่สำหรับคนในแวดวงกีฬาต่างรู้ดีว่า โค้ชชเวคนนี้คือคนที่มุ่งมั่นทุ่มเทอย่างสุดหัวใจ เพื่อที่จะพานักกีฬาเทควันโดทีมชาติไทยไปคว้าเหรียญทองโอลิมปิกให้จงได้
ในอดีต โค้ชหนุ่มชาวเกาหลีวัย 41 ปีคนนี้ สามารถสร้างฮีโร่นักกีฬาเทควันโดในการแข่งขันระดับโอลิมปิกให้กับประเทศไทยถึง 3 คน คือ วิว – เยาวภา บุรพลชัย สอง – บุตรี เผือดผ่อง และ เล็ก – ชนาธิป ซ้อนขำ
หลังเข้ามาเป็นโค้ชให้กับนักกีฬาเทควันโดทีมชาติไทยในปี 2545 แปดเดือนต่อมานักกีฬาเทควันโดทีมชาติไทยก็สามารถคว้าเหรียญรางวัล ในการแข่งขันเอเชียนเกมส์ได้สำเร็จ
ทั้งนี้ ยังไม่นับผลงานอื่น ๆ ที่เขานำพานักเทควันโดทีมชาติไทยไปคว้าชัยชนะได้อีกมากมายหลายรายการ ทั้งการแข่งขันเวิลด์แชมเปี้ยนชิปและการแข่งขันระดับมหาวิทยาลัย ทำให้การจัดอันดับเทควันโดของไทยก้าวกระโดดจากอันดับที่ 150 ขึ้นไปอยู่ที่อันดับ 4 ของโลกภายในระยะเวลาเพียง 10 ปี ส่งผลให้คนไทยสนใจเล่นกีฬาชนิดนี้มากขึ้นเป็นประวัติการณ์ ด้วยเหตุนี้จึงไม่น่าแปลกใจ หากคนไทยจะเทใจรักผู้ชายเกาหลีคนนี้ และส่งเสียงกรี๊ดต้อนรับเขาไม่ต่างกับดารานักร้องชื่อดังแดนกิมจิเลยทีเดียว

ก่อนอื่นอยากให้เล่าถึงชีวิตในวัยเด็กให้ฟังหน่อยค่ะ
ผมเกิดที่กรุงโซล คุณพ่อผมเสียตั้งแต่ผมอายุ 7 ขวบ ตอนที่คุณพ่อเสีย ด้วยความที่ยังเด็กผมเลยไม่รู้สึกว่าลำบากมาก แต่พอโตขึ้นก็เริ่มรู้ทีละนิด คุณพ่อของผมเป็นวิศวกร ส่วนคุณแม่เป็นแม่บ้าน คุณพ่อเสียชีวิตด้วยโรคมะเร็งปอดตอนอายุ 39 ปี ก่อนเสียท่านนอนพักรักษาตัวในโรงพยาบาลนาน 2 – 3 ปี มีค่าใช้จ่ายเยอะมาก ทำให้เราเป็นหนี้ตั้งแต่ตอนนั้น ตอนหลังเมื่อไม่มีคุณพ่อแล้ว คุณแม่ต้องทำงานหาเลี้ยงครอบครัวที่มีผม พี่สาว และคุณย่าเพียงลำพัง เช้ามาท่านก็ไปทำงานที่โรงงานทำขนม ตกเย็นก็ทำงานเป็นแม่บ้านตามบ้านต่าง ๆ ไม่ค่อยมีเวลาให้ครอบครัว ส่วนใหญ่ผมจึงอยู่กับคุณย่า</description>
    </item>
    
    <item>
      <title>กระบวนการทำมัมมี่คืออะไร ?</title>
      <link>https://yosarawut.github.io/knowledge-base/articles/us/english/posts/mummies/</link>
      <pubDate>Wed, 20 Nov 2019 10:17:05 +0700</pubDate>
      
      <guid>https://yosarawut.github.io/knowledge-base/articles/us/english/posts/mummies/</guid>
      <description>ภายในพีระมิด สุสานของฟาโรห์ผู้ล่วงลับ มีห้องที่ผนังได้รับการสลักลวดลายละลานตา และอาจมีสิ่งของต่างๆ ทั้งเสื้อผ้า อาหาร หรือแม้กระทั่งเรือ แต่สิ่งสำคัญอย่างยิ่งคือโลงหินโบราณ และโถที่เรียกว่า โถคาโนปิก (Canopic Jars) รวมทั้งร่างของฟาโรห์ผู้นั้นก็หลับไหลอยู่ในโลงหินเป็นเวลาหลายพันปี ในสภาพ “มัมมี่”
ชาวอียิปต์โบราณมีความเชื่อว่าผู้ที่ทำความดีจนจะได้ใช้ชีวิตนิรันดร์โดยใช้ร่างนั้นในโลกหลังความตาย การทำมัมมี่จึงไม่ใช่แค่การจัดการกับร่างของผู้ตาย แต่เป็นการเตรียมสภาพแวดล้อมให้ผู้ตายเมื่อฟื้นขึ้นมาในโลกหลังความตายด้วย การออกแบบภายในพีระมิดจึงคล้ายกับวังของฟาโรห์เพื่อให้ฟาโรห์รู้สึกคุ้นเคย ไม่เพียงแต่ฟาโรห์เท่านั้นที่ถูกทำให้เป็นมัมมี่ ผู้ที่มีกำลังทรัพย์มากพอ(รวยพอ)ก็จะสั่งทำโลง สร้างสุสาน และพัฒนาการเก็บรักษาร่างให้คงอยู่ได้นานที่สุดด้วย
ก่อนที่จะมีการทำมัมมี่ (Mummification) อย่างเป็นระบบร่างของผู้เสียชีวิตไม่ว่าจะอยู่ชนชั้นไหนของสังคมจะถูกฝังในหลุมฝังเล็กๆ กลางทะเลทราย ทำให้เกิดสภาพมัมมี่ตามธรรมชาติ เพราะอากาศที่ทั้งร้อนทั้งแห้งทำให้ร่างที่ถูกฝังแห้งจนกลายเป็นมัมมี่ที่ไม่มีการพันผ้าใด ๆ การทำมัมมี่เกิดขึ้นครั้งแรกราว 3,500 ปีก่อนคริสตกาล จากนั้นก็ได้รับการพัฒนาขึ้นเรื่อยๆ จนเทคนิคการทำมัมมี่ที่ซับซ้อนที่สุดถูกพัฒนาขึ้นเมื่อ 1,550 ปีก่อนคริสตกาลนี้เอง
กระบวนการทำมัมมี่ มีดังนี้ เริ่มจากการชำระล้างร่างด้วยน้ำจากแม่น้ำไนล์และไวน์จากพืชตระกูลปาล์ม ผ่าช่องที่ลำตัวด้านซ้ายให้สามารถนำอวัยวะภายใน ทั้งตับ ปอด ลำไส้ และกระเพาะออกมาล้าง จากนั้นอัดด้วยเกลือเนทรอนเพื่อดึงน้ำออกจากเนื้อเยื่อ ในสมัยนั้นผู้คนไม่รู้ว่าสมองมีหน้าที่อะไร จึงไม่คิดจะเก็บไว้ในร่างของมัมมี่ผู้ที่ทำมัมมี่จะใช้ตะขอสอดเข้าไปในจมูกเพื่อคว้านเอาสมองออกมาทิ้ง
แล้วคนสมัยนั้นคิดว่าอวัยวะอะไรที่ควบคุมความคิด? คำตอบคือ “หัวใจ” ผู้ทำมัมมี่จึงเก็บหัวใจไว้ในร่าง เมื่อจัดการอวัยวะภายในเรียบร้อย จะฝังร่างในเกลือเนทรอนเพื่อดึงความชื้นทั้งด้านนอกด้านในตัวออก ทิ้งไว้หลายสิบวันจนแห้ง แล้วล้างเกลือออก ทาน้ำมันที่ผิว ส่วนตับ ปอด กระเพาะ ลำไส้ที่เอาออกมาหมักเกลือไว้ เมื่อแห้ง บางยุคก็นำกลับเข้าไปภายในร่างกาย หรือบางยุคก็นำไปใส่โถคาโนปิกแล้วใส่ขี้เลื่อยเข้าไปในร่างแทนอวัยวะภายใน
ถัดไปจะพันร่างด้ายแถบผ้าลินิน โดยจะพันจากส่วนหัวก่อน ตามด้วยนิ้วทีละนิ้ว แขน ขา จนครบ ระหว่างการพันแต่ละชั้นจะแทรกทั้งเครื่องรางต่างๆและคัมภีร์ของผู้มรณะ (Book of the Dead) เมื่อเสร็จสิ้นจึงนำเข้าโลง ที่ซ้อนกันเป็นชั้นๆ แล้วทำพิธีฝังต่อไป นอกจากร่างของมนุษย์แล้ว ยังมีการทำมัมมี่สัตว์ ตั้งแต่กระทิง แมว นก หรือกระทั่งจระเข้ด้วย</description>
    </item>
    
    <item>
      <title>ประวัติกีฬาเทควันโด</title>
      <link>https://yosarawut.github.io/knowledge-base/articles/us/english/posts/history/</link>
      <pubDate>Wed, 20 Nov 2019 10:15:05 +0700</pubDate>
      
      <guid>https://yosarawut.github.io/knowledge-base/articles/us/english/posts/history/</guid>
      <description>เทควันโด ญี่ปุ่น|태권도|MC2000=Taegwondo|MR=T&amp;rsquo;aekwŏndo}}, แท-กว็อนโด)</description>
    </item>
    
    <item>
      <title>USS John C. Stennis เรือบรรทุกเครื่องบินทรงพลังที่สุดในโลก</title>
      <link>https://yosarawut.github.io/knowledge-base/articles/us/english/posts/john-c-stennis/</link>
      <pubDate>Wed, 20 Nov 2019 10:10:05 +0700</pubDate>
      
      <guid>https://yosarawut.github.io/knowledge-base/articles/us/english/posts/john-c-stennis/</guid>
      <description>ไม่ใช่เรื่องง่ายๆ เลยที่คนต่างชาติจะได้ขึ้นไปเยือนบนเรือรบอันทรงอานุภาพลำหนึ่งของสหรัฐอเมริกาอย่าง &amp;ldquo;ยูเอสเอส จอห์น ซี สเตนนิส&amp;rdquo; (USS John C. Stennis (CVN 74) ) จึงต้องบอกว่าเป็นโชคดีมากๆ สำหรับ MGR online ที่ทางสถานเอกอัครราชทูตสหรัฐอเมริกา ประจำกรุงเทพมหานคร ได้เชิญให้ขึ้นไปร่วมสัมผัสความยิ่งใหญ่ในเรือ ซึ่งแล่นมาเทียบท่ายังท่าเรือแหลมฉบัง อ.ศรีราชา จ.ชลบุรี ตั้งแต่เมื่อวันที่ 10 ก.พ.ที่ผ่านมา
เรือรบบรรทุกอากาศยานลำนี้ สร้างโดย นิวพอร์ท นิวส์ ชิปบิวดิ้ง (Newport News Shipbuilding) อู่ต่อเรือที่สร้างให้กับกองทัพในรัฐเวอร์จิเนีย สหรัฐอเมริกา เริ่มต่อเรือเมื่อ 13 มี.ค.2534 เปิดตัวเมื่อ 13 พ.ย.2536 แต่เริ่มประจำการในกองทัพเมื่อวันที่ 9 ธ.ค.2538 ด้วยทุนสร้างราว 4,500 ล้านเหรีญสหรัฐ หรือราว 112,500 ล้านบาท (คำนวนด้วยค่าเงิน ณ เวลานั้นราว 25 บาทต่อ 1 ดอลล่าร์สหรัฐ) เป็นเรือรบที่ขับเคลื่อนด้วยพลังงานนิวเคลียร์ มีความยาวทั้งสิ้น 332.8 เมตร (1,092 ฟุต) กว้าง 78.3 เมตร (257 ฟุต) มีความสูงที่วัดจากเสากระโดงเรือถึงกระดูกงูเรืออยู่ที่ 74.</description>
    </item>
    
    <item>
      <title>ตำนานเทพเจ้ากรีก</title>
      <link>https://yosarawut.github.io/knowledge-base/articles/us/english/posts/greek-got/</link>
      <pubDate>Wed, 20 Nov 2019 08:10:05 +0700</pubDate>
      
      <guid>https://yosarawut.github.io/knowledge-base/articles/us/english/posts/greek-got/</guid>
      <description>1. เซนต์วานเลนไทน์ (Saint Valentine) วันวาเลนไทน์ กำเนิดขึ้นมาในกรุงโรม หรืออาณาจักรโรมัน ตั้งแต่ศตวรรษที่ 3 ในช่วงยุคของจักรพรรดิคลอดิอุส ที่สอง (Claudius II) เดิมทีจักรพรรดิคลอดิอุสมีนิสัยชอบข่มเหงรังแกผู้อื่น เขามักบังคับให้ชาวโรมันทุกคนต้องสักการะพระเจ้าทั้ง 12 องค์ ใครคิดต่อต้านจะได้รับทำโทษ นอกจากนี้ ยังห้ามไม่ให้เกี่ยวข้องกับพวกคริสเตียนด้วย ทั้งนี้ มีนักบุญผู้หนึ่งที่ชื่อว่า วาเลนตินุส (Valentinus) เขาเกิดความเลื่อมใสศรัทธาต่อพระคริสเป็นอย่างมาก ถึงขนาดให้คำไว้ว่า ความตายหรือสิ่งใดไม่มีทางเปลี่ยนแปลงความคิดของเขาได้ ด้วยการต่อต้านครั้งนี้ จึงทำให้เขาถูกขังคุก
ก่อนที่เขาสิ้นชีวิต ในช่วงอาทิตย์สุดท้ายได้เกิดสิ่งแปลกประหลาดขึ้นกับเขา โดยขณะที่กำลังถูกคุมขังอยู่นั้น ผู้คุมขังได้ร้องขอให้วาเลนตินุสช่วยสอนจูเลียผู้เป็นลูกสาวที่ตาบอดตั้งแต่เกิด แม้ว่าจูเลียจะเป็นหญิงงาม แต่ก็อาภัพมองไม่เห็น วาเลนตินุสจึงได้สอนประวัติศาสตร์ สอนการคิดคำนวณ และเล่าเรื่องพระเจ้าให้เธอฟัง ด้วยความฉลาดของจูเลีย เธอจึงสามารถรับรู้สิ่งต่าง ๆ ในโลกนี้ได้อย่างถ่องแท้ และเธอก็รู้สึกเชื่อใจในตัววาเลนตินุส และมีความสุขอย่างมากเมื่ออยู่กับเขา
วันหนึ่ง จูเลียเอ่ยถามวาเลนตินุสว่า “หากเราอธิษฐานต่อพระผู้เป็นเจ้า ท่านจะทรงได้ยินเราไหม” วาเลนตินุสจึงตอบไปว่า “พระองค์เจ้าได้ยินเราทุกคนแน่นอน” จูเลียจึงกล่าวต่อว่า “ท่านทราบหรือไม่ ในทุก ๆ เช้า ทุก ๆ เย็น ข้าทูลอธิษฐานขออะไร….ข้าต้องการอยากจะมองเห็นโลกใบนี้ และเห็นทุก ๆอย่างที่ท่านเล่าให้ฟัง” วาเลนตินุสจึงตอบกลับไปว่า “พระเจ้าย่อมมอบแต่สิ่งที่ดีที่สุดให้แก่ทุกคน แต่ต้องมีความเชื่อมั่นในพระองค์เท่านั้นเอง”
ด้วยความเชื่อมั่นในพระผู้เป็นเจ้า จูเลียจึงนั่งคุกเข่าและกุมมืออธิษฐานขอพรไปพร้อมๆกับวาเลนตินุส และในขณะนั้นเอง ก็เกิดสิ่งมหัศจรรย์ขึ้น มีแสงสว่างลอดเข้ามาในคุก และเมื่อจูเลียค่อย ๆลืมตาขึ้น เธอก็สามารถมองเห็นได้!</description>
    </item>
    
    <item>
      <title>การบอกเวลา</title>
      <link>https://yosarawut.github.io/knowledge-base/articles/us/english/posts/time-component/</link>
      <pubDate>Fri, 15 Nov 2019 15:15:05 +0700</pubDate>
      
      <guid>https://yosarawut.github.io/knowledge-base/articles/us/english/posts/time-component/</guid>
      <description>นาฬิกาเป็นเครื่องมือที่ใช้บอกเวลา บนหน้าปักนาฬิกาจะมีตัวเลข12ตัวคือ1,2,3…12 เข็มยาว เข็มสั้น และเข็มวินาที เพื่อใช้บอกเวลา
การบอกเวลาเป็นนาฬิกาและนาที
การบอกเวลาในแต่ละวันจะเริ่มที่0นาฬิกา และสิ้นสุดที่ 24 นาฬิกา โดยแบ่งออกเป็น2ช่วงคือ ช่วงเวลากลางวันจะเริ่มตั้งแต่ 6 นาฬิกา ถึง12นาฬิกา และช่วงเวลากลางคืนจะเริ่มตั้งแต่ 18นาฬิกาถึง 6 นาฬิกา
การเขียนบอกเวลาโดยใช้จุดและการอ่าน
การเขียนบอกเวลานิยมใช้จุด (.) คั่นระหว่างตัวเลขบอกเวลาเป็นนาฬิกากับนาที และใช้อักษรย่อ น. แทนคำว่านาฬิกา
หน่วยของเวลาที่ควรทราบ    หน่วย ขนาด     นาโนวินาที 1&amp;frasl;1,000,000,000 วินาที   ไมโครวินาที 1&amp;frasl;1,000,000 วินาที   มิลลิวินาที 1&amp;frasl;1,000 วินาที   วินาที หน่วยฐานในระบบเอสไอ   นาที 60 วินาที   ชั่วโมง 60 นาที   วัน 24 ชั่วโมง   สัปดาห์ 7 วัน   ปักษ์ 14 หรือ 15 วัน; 2 สัปดาห์   เดือน 28 ถึง 31 วัน   ไตรมาส 3 เดือน   ปี (ปีปฏิทิน) 12 เดือน   ปีสุริยคติ 365.</description>
    </item>
    
    <item>
      <title>Pale Blue Dot ภาพถ่ายที่บอกว่าดาราศาสตร์คือความอ่อนน้อมถ่อมตน</title>
      <link>https://yosarawut.github.io/knowledge-base/articles/us/english/posts/pale-blue-dot/</link>
      <pubDate>Thu, 14 Nov 2019 11:40:11 +0200</pubDate>
      
      <guid>https://yosarawut.github.io/knowledge-base/articles/us/english/posts/pale-blue-dot/</guid>
      <description>ในหนังสือเรื่อง Cosmos ของคุณ Carl Sagan ซึ่งผู้เขียนยกย่องให้เป็นหนึ่งในหนังสือที่ดีที่สุดตลอดกาล และเป็นคัมภีร์การใช้ชีวิตมาจนถึงทุกวันนี้ อวกาศและดาราศาสตร์ในมุมมองของ Carl Sagan ชายที่ทำให้มนุษย์รักเขาด้วยความรักที่เขามีต่อจักรวาลถ่ายทอดออกมาผ่านตัวอักษรในทั้งงานเขียน งานบรรยาย นวนิยาย และมุมมองที่ทำให้เรารู้จักกับตัวเองมากขึ้นผ่านการศึกษาธรรมชาติ
หนึ่งในตอนที่เขาได้เขียนไว้ในหนังสือ Cosmos ที่ทำให้เราได้เปิดมุมมองไปพร้อมกันย้อนกลับไป ณ ช่วงที่ยาน Pioneer 10 เดินทางโฉบดาวพฤหัสฯ ในปี 1972 เป็นยานอวกาศลำแรกที่จะได้ถ่ายภาพในระยะใกล้ของดาวพฤหัสฯ ส่งกลับมา ภาพถ่ายนี้จะเป็นภาพถ่ายประวัติศาสตร์ แต่มุมมองที่ Sagan ถ่ายทอดมาในหนังสือของเขาได้แก่ช่วงเวลา 20-30 นาที ในขณะที่เขานั่งอยู่บนรถที่กำลังเดินทางไปยังสำนักงานใหญ่ของ JPL ในแคลิฟอร์เนีย เพื่อเป็นสักขีพยานเมื่อ Pioneer 10 ส่งภาพถ่ายนั้นกลับมา Sagan เล่าว่า เขานึกจินตนาการถึงดาวพฤหัสฯ ว่าจะมีลักษณะเป็นอย่างไรและนั่นจะเป็นการจินตนาการถึงดาวพฤหัสครั้งสุดท้าย เพราะต่อไปจากนี้ดินแดนที่ยังไม่เคยถูกสำรวจจะถูกสำรวจแล้ว เมื่อภาพถ่ายของดาวพฤหัสเดินทางมาถึง มันจะเปลี่ยนมุมมองที่เราเคยมีต่อดาวพฤหัสฯ ไปตลอดกาล
วันแห่งความรัก 14 กุมภาพันธ์ 1990 ตอนนั้นยาน Voyager 1 กำลังจะเดินทางออกนอกระบบสุริยะ Sagan ได้คุยกับทีมงานของ JPL ให้หันกล้องกลับมาถ่ายที่โลกของเราก่อนที่ยานจะเดินทางไปไกลแสนไกลและทิ้งไว้แต่เพียงมุมมองต่อจักรวาล (เหมือนเขาในอีกไม่กี่ปีต่อมาในอีก 7 ปีข้างหน้า) ภาพที่ได้มานั้น ไม่ได้มีข้อมูลทางวิทยาศาสตร์ที่น่าตื่นเต้นใด ๆ เป็นเพียงภาพที่ถูกรบกวนด้วยแสงอาทิตย์ และจุดเล็ก ๆ คือโลกของเรา
หากแต่ภาพนั้น กลับกลายเป็นตัวแทนของทุกความพยายามในการศึกษาดาราศาสตร์ของเรา Sagan บรรยายภาพนั้นไว้ด้วยงานเขียนทางดาราศาสตร์และปรัชญาที่ทรงพลังว่า</description>
    </item>
    
    <item>
      <title>ต้นกำเนิดของนาฬิกา</title>
      <link>https://yosarawut.github.io/knowledge-base/articles/us/english/posts/origin-time/</link>
      <pubDate>Thu, 14 Nov 2019 11:40:11 +0200</pubDate>
      
      <guid>https://yosarawut.github.io/knowledge-base/articles/us/english/posts/origin-time/</guid>
      <description>เดิมทีการบอกเวลาอาศัยปรากฏการณ์จากธรรมชาติ ดังเช่นระยะเวลาหนึ่งวันกำหนดจากการที่โลกหมุนรอบตัวเองครบหนึ่งรอบ โดยสังเกตจากดวงอาทิตย์โผล่ขึ้นจากขอบฟ้าด้านตะวันออก เคลื่อนตัวสูงขึ้นสู่ท้องฟ้าเรื่อยๆ จนเลยลับขอบฟ้าด้านกำเนิดตะวันตก แล้วจึงโผล่ขึ้นมาใหม่ เป็นอันครบรอบนับเวลาได้หนึ่งวัน คนสมัยก่อนจึงรู้เวลาด้วยการสังเกตตำแหน่งต่างๆ ของดวงอาทิตย์บนท้องฟ้า ซึ่งบอกเวลาเช้า สาย เที่ยง บ่าย เย็น ต่อมามนุษย์เริ่มรู้จักประดิษฐ์นาฬิกาขึ้นใช้ เชื่อกันว่านาฬิกาแดดเป็นวิธีจับเวลายุคแรกสุดของโลกแบบหนึ่ง มีใช้มานานกว่า 5,000 ปีแล้วในอียิปต์ เงาของแสงแดดที่ส่องต้องแผ่นโลหะบนหน้าปัด จะเคลื่อนตัวไปอย่างช้าๆ รอบหน้าปัดตัวเลขแต่ละชั่วโมง เวลาจะเปลี่ยนไปตามเงาแดดซึ่งเคลื่อนที่นั้น
นาฬิกาแดดเป็นนาฬิกาที่ใช้บอกเวลารุ่นแรกสุด ชาวสุเมเรียนเป็นชนเผ่าหนึ่งที่ใช้นาฬิกาชนิดนี้ โดยจะแบ่งช่วงเวลาออกเป็น 12 ช่วงในหนึ่งวัน ซึ่งแต่ละช่วงจะกินเวลาประมาณ 2 ชั่วโมง โดยใช้วิธีวัดความยาวแสงเงาเป็นมาตรฐานในการวัดระยะเวลา
ด้านชาวอียิปต์แบ่งเวลาออกเป็น 12 ช่วงเช่นกัน โดยดูเวลาจากเสาหินแกรนิตที่เรียกว่า “Cleopratra Needles” การดูเวลาจะสังเกตจากความยาวและตำแหน่งเงาที่แสงอาทิตย์ตกกระทบบนพื้นทำกับขีดทั้ง 12 ช่วงเวลาที่แบ่งไว้ เพื่อจะได้ดูว่าช่วงกลางวันเหลือเวลาที่เท่าไร
ส่วนชาวโรมันแบ่งเวลาออกเป็นกลางวัน กลางคืน คอยมีเจ้าหน้าที่ประกาศเท่านั้น ขณะที่ชาวกรีกประดิษฐ์นาฬิกาน้ำ โดยใช้ถ้วยเจาะรูจมลงในโอ่ง เรียกว่า “Clepsydra” ดูการจมของถ้วยเทียบระยะเวลา ชาวกรีกใช้นาฬิกาชนิดนี้ในศาล ต่อมาในปี 250 ก่อนค.ศ. นักปราชญ์อาร์คิมิดิส พัฒนานาฬิกาน้ำนี้ขึ้นโดยเพิ่มตัวควบคุมความเร็ว เขาปรับปรุงนาฬิกชนิดนี้เพื่อใช้งานทางดาราศาสตร์ ต่อมาจึงมีการทำนาฬิกาทรายขึ้น ซึ่งมีลักษณะเป็นแก้วเป่าสองชิ้นมีรูแคบๆกั้นกลาง โดยใช้ทรายเป็นตัวบอกเวลา จัดเป็นนาฬิกาแบบแรกที่ไม่อาศัยปัจจัยดินฟ้าอากาศ มักใช้จับเวลาระยะสั้นๆ เช่นการกล่าวสุนทรพจน์ การบูชา การเฝ้ายาม การทำอาหาร เป็นต้น
สำหรับนาฬิกายุคใหม่ พัฒนาขึ้นช่วง ค.ศ.100-1300 ในยุโรปและในจีน คำว่า “clock” ในภาษาฝรั่งเศสแปลว่าระฆัง อาศัยหลักการแรงดึงดูดก่อให้เกิดน้ำหนักที่จะเคลื่อนคันบังคับ ซึ่งจะทำให้เข็มนาฬิกาเคลื่อนที่ หอนาฬิกาแห่งแรกในโลกติดตั้งที่มหาวิหารสตร๊าสบวร์กในเยอรมนี ปีค.</description>
    </item>
    
  </channel>
</rss>