<?xml version="1.0" encoding="utf-8" standalone="yes"?>
<rss version="2.0" xmlns:atom="http://www.w3.org/2005/Atom">
  <channel>
    <title>People on </title>
    <link>https://dragon-library.github.io/library/articles/tags/people/</link>
    <description>Recent content in People on </description>
    <generator>Hugo -- gohugo.io</generator>
    <language>en-us</language>
    <lastBuildDate>Wed, 27 Nov 2019 21:50:11 +0700</lastBuildDate>
    
	<atom:link href="https://dragon-library.github.io/library/articles/tags/people/index.xml" rel="self" type="application/rss+xml" />
    
    
    <item>
      <title>โรเบิร์ต กัวะ เขย่าวงการโลจิสติกส์ด้วย Kerry Express</title>
      <link>https://dragon-library.github.io/library/articles/posts/robert-kuok-kerry-express/</link>
      <pubDate>Wed, 27 Nov 2019 21:50:11 +0700</pubDate>
      
      <guid>https://dragon-library.github.io/library/articles/posts/robert-kuok-kerry-express/</guid>
      <description>พูดชื่อ โรเบิร์ต กัวะ (Robert Kuok) คนส่วนใหญ่อาจส่ายหน้าไม่รู้จัก แต่ถ้าพูดชื่อ Kerry Express หลายคนต้องเคยใช้บริการอย่างแน่นอน เพราะในเมืองไทย Kerry Express เป็น ‘ขารุก’ ท้าชิงส่วนแบ่งในตลาดจัดส่งพัสดุ ขยี้จุดอ่อนของไปรษณีย์ไทยในวงการอี-คอมเมิร์ซ ด้วยการเน้นความรวดเร็ว ขยายจุดรับส่งทั่วไทยราวกับดอกเห็ด ซึ่งทุกวันนี้มีราว 10,000 แห่งทั่วประเทศเข้าไปแล้ว
ทดชื่อ โรเบิร์ต กัวะ เอาไว้ก่อน แล้วลองมาดูการเติบโตของ Kerry Express ในไทยกันสักแป๊บ
กิจการ Kerry Express ในบ้านเรา อยู่ภายใต้ บริษัท เคอรี่ เอ็กซ์เพรส (ประเทศไทย) จำกัด ซึ่งก่อตั้งขึ้นในปี 2549 การเติบโตของโลกอี-คอมเมิร์ซ ทำให้ธุรกิจของบริษัทเติบโตรุดหน้า ถ้าดูในรอบ 6 ปีที่ผ่านมา Kerry Express สามารถเพิ่มปริมาณส่งพัสดุจาก 10,000 ชิ้นต่อวัน เป็น 1.1 ล้านชิ้นต่อวัน ส่วนรายได้นั้น ในปี 2560 บริษัททำรายได้รวมไปกว่า 6.67 พันล้านบาท และมีกำไรสุทธิ 733 ล้านบาท แม้จะยังห่างชั้นกับเบอร์ใหญ่อย่าง ไปรษณีย์ไทย ที่ทำรายได้รวม 2.8 หมื่นล้านบาท อยู่หลายเท่า แต่ก็นับเป็นคู่แข่งที่น่ากลัวจากการชูกลยุทธ์เจาะตลาดอี-คอมเมิร์ซ เป็นหลัก</description>
    </item>
    
  </channel>
</rss>