<?xml version="1.0" encoding="utf-8" standalone="yes"?>
<rss version="2.0" xmlns:atom="http://www.w3.org/2005/Atom">
  <channel>
    <title>Leadership on </title>
    <link>https://dragon-library.github.io/library/articles/tags/leadership/</link>
    <description>Recent content in Leadership on </description>
    <generator>Hugo -- gohugo.io</generator>
    <language>en-us</language>
    <lastBuildDate>Sun, 24 Nov 2019 21:55:11 +0700</lastBuildDate>
    
	<atom:link href="https://dragon-library.github.io/library/articles/tags/leadership/index.xml" rel="self" type="application/rss+xml" />
    
    
    <item>
      <title>ทักษะสำคัญสำหรับหัวหน้าทุกระดับ</title>
      <link>https://dragon-library.github.io/library/articles/posts/the-skills-leaders/</link>
      <pubDate>Sun, 24 Nov 2019 21:55:11 +0700</pubDate>
      
      <guid>https://dragon-library.github.io/library/articles/posts/the-skills-leaders/</guid>
      <description>โดย ประเสริฐ หงษ์สุวรรณ : 16/11/2019. Source : missiontothemoon.co.   รูปภาพจาก Number 24 x Shutterstock.com
เมื่อปี 2014 Jack Zenger และ Joseph Folkman Founder ของ zengerfolkman บริษัทที่คำปรึกษาระดับโลกเกี่ยวกับเรื่องของ leadership หรือ ความเป็นผู้นำ ได้ทำ Research ที่น่าสนใจมากเกี่ยวกับเรื่องของความเป็นผู้นำ และได้ตีพิมพ์ลงใน Harvard Business Review ใน Article ที่ชื่อว่า The Skills Leaders Need at Every Level
โดย Zenger และ Folkman ต้องการหารูปแบบของการพัฒนาทักษะต่างๆ ของความเป็นผู้นำ พวกเขาต้องการรู้ว่าจริงๆ แล้ว ในการพัฒนาผู้นำที่มีศักยภาพเราจำเป็นที่จะต้องมุ่งเน้นไปที่ทักษะที่แตกต่างกันหรือไม่
เช่น ผู้จัดการระดับล่างควรมุ่งเน้นไปที่เรื่องของการผลักดันผลลัพธ์ ขณะที่ผู้บริหารระดับสูงควรโฟกัสไปที่การพัฒนาเชิงกลยุทธ์ นั้นเป็นเรื่องที่ถูกต้องแล้วใช่หรือไม่
ฟังดูแล้วเรื่องนี้ก็ดูเหมือนจะเป็นสิ่งที่สมเหตุสมผลดีใช่ไหมครับ?
แต่เมื่อพวกเขาได้เริ่มพูดคุยและเก็บข้อมูลจากผู้บริหารหลายคน หลากหลายระดับ เขาก็พบว่า ผู้บริหารระดับสูงที่ยอดเยี่ยมหลายคนก็มุ่งเน้นไปที่การส่งมอบผลลัทธ์ และผู้จัดการระดับล่างหลายคนก็มีความเจนจัดเกี่ยวกับเรื่องของวิสัยทัศน์และกลยุทธ์
สิ่งนี้ทำให้พวกเขาสงสัยว่าจริงๆ แล้วนั้น : ทักษะบางอย่างมีความสำคัญน้อยกว่า สำหรับผู้นำในบางระดับขององค์กรหรือไม่ หรือว่าจริงๆ แล้วมันมีชุดทักษะพื้นฐานสำหรับผู้นำทุกระดับ</description>
    </item>
    
  </channel>
</rss>