<?xml version="1.0" encoding="utf-8" standalone="yes"?>
<rss version="2.0" xmlns:atom="http://www.w3.org/2005/Atom">
  <channel>
    <title>About W3 Simple on </title>
    <link>https://dragon-library.github.io/library/articles/series/</link>
    <description>Recent content in About W3 Simple on </description>
    <generator>Hugo -- gohugo.io</generator>
    <language>en-us</language>
    <lastBuildDate>Sat, 10 Nov 2018 00:28:38 +0000</lastBuildDate>
    
	<atom:link href="https://dragon-library.github.io/library/articles/series/index.xml" rel="self" type="application/rss+xml" />
    
    
  </channel>
</rss>