<?xml version="1.0" encoding="utf-8" standalone="yes"?>
<rss version="2.0" xmlns:atom="http://www.w3.org/2005/Atom">
  <channel>
    <title>hugo on </title>
    <link>https://dragon-library.github.io/library/articles/tags/hugo/</link>
    <description>Recent content in hugo on </description>
    <generator>Hugo -- gohugo.io</generator>
    <language>en-us</language>
    <lastBuildDate>Fri, 09 Nov 2018 07:26:15 +1300</lastBuildDate>
    
	<atom:link href="https://dragon-library.github.io/library/articles/tags/hugo/index.xml" rel="self" type="application/rss+xml" />
    
    
    <item>
      <title>Hugo W3 Simple Theme Shortcodes Demo</title>
      <link>https://dragon-library.github.io/library/articles/w3-simple-shortcodes-demo/</link>
      <pubDate>Fri, 09 Nov 2018 07:26:15 +1300</pubDate>
      
      <guid>https://dragon-library.github.io/library/articles/w3-simple-shortcodes-demo/</guid>
      <description>This article is about the demo of these shortcodes.
 Info Shortcodes We can easily display info with this code below on markdown file Code for info shortcodes{{&amp;lt; info &amp;gt;}}
Blue often indicates a neutral informative change or action. {{&amp;lt;/info &amp;gt;}} It will display default title with Information!:
Information! Blue often indicates a neutral informative change or action. You can set title with the following code:</description>
    </item>
    
  </channel>
</rss>