<?xml version="1.0" encoding="utf-8" standalone="yes"?>
<rss version="2.0" xmlns:atom="http://www.w3.org/2005/Atom">
  <channel>
    <title>Space on </title>
    <link>https://yosarawut.github.io/knowledge-base/articles/categories/space/</link>
    <description>Recent content in Space on </description>
    <generator>Hugo -- gohugo.io</generator>
    <language>en-us</language>
    <lastBuildDate>Wed, 20 Nov 2019 10:15:05 +0700</lastBuildDate>
    
	<atom:link href="https://yosarawut.github.io/knowledge-base/articles/categories/space/index.xml" rel="self" type="application/rss+xml" />
    
    
    <item>
      <title>ประวัติกีฬาเทควันโด</title>
      <link>https://yosarawut.github.io/knowledge-base/articles/posts/john-c-stennis/</link>
      <pubDate>Wed, 20 Nov 2019 10:15:05 +0700</pubDate>
      
      <guid>https://yosarawut.github.io/knowledge-base/articles/posts/john-c-stennis/</guid>
      <description></description>
    </item>
    
  </channel>
</rss>