<?xml version="1.0" encoding="utf-8" standalone="yes"?>
<rss version="2.0" xmlns:atom="http://www.w3.org/2005/Atom">
  <channel>
    <title>About on </title>
    <link>https://yosarawut.github.io/knowledge-base/articles/us/english/posts/about/</link>
    <description>Recent content in About on </description>
    <generator>Hugo -- gohugo.io</generator>
    <language>en-us</language>
    <lastBuildDate>Tue, 04 Jun 2019 21:55:06 +0100</lastBuildDate>
    
	<atom:link href="https://yosarawut.github.io/knowledge-base/articles/us/english/posts/about/index.xml" rel="self" type="application/rss+xml" />
    
    
  </channel>
</rss>