<?xml version="1.0" encoding="utf-8" standalone="yes"?>
<rss version="2.0" xmlns:atom="http://www.w3.org/2005/Atom">
  <channel>
    <title>Tech on </title>
    <link>https://dragon-library.github.io/library/articles/categories/tech/</link>
    <description>Recent content in Tech on </description>
    <generator>Hugo -- gohugo.io</generator>
    <language>en-us</language>
    <lastBuildDate>Sun, 24 Nov 2019 13:45:11 +0700</lastBuildDate>
    
	<atom:link href="https://dragon-library.github.io/library/articles/categories/tech/index.xml" rel="self" type="application/rss+xml" />
    
    
    <item>
      <title>Google เปิดตัว “Sycamore Processor”</title>
      <link>https://dragon-library.github.io/library/articles/posts/google-quantum-computer/</link>
      <pubDate>Sun, 24 Nov 2019 13:45:11 +0700</pubDate>
      
      <guid>https://dragon-library.github.io/library/articles/posts/google-quantum-computer/</guid>
      <description>Quantum Computer คืออะไร? จะส่งผลอย่างไร? หลังจาก Google เปิดตัว “Sycamore Processor”  Source : Beartai.com : 25/10/2019.
 ก่อนอื่นอยากให้ทุกท่านที่ยังไม่เข้าใจเทคโนโลยีคอมพิวเตอร์ควอนตัมได้เข้าใจตัวเทคโนโลยีนี้กันก่อนนะครับ ก่อนจะเข้าสู่เนื้อหาว่า Google ประกาศว่าประสบความสำเร็จอะไร ด้านไหนในเทคโนโลยีคอมพิวเตอร์ควอนตัม และเทคโนโลยีนี้จะส่งผลอย่างไรต่อทุกคนบนโลก
เทคโนโลยี Quantum Computer คืออะไร ? หากจะพูดถึงคอมพิวเตอร์ควอนตัมคงจะต้องเริ่มจาก Qubit หรือ Quantum Bit กันก่อน เทคโนโลยีของคอมพิวเตอร์ควอนตัมนั้นเริ่มมาจากสิ่งที่เรียกว่า “Superposition” ใน Quantum Physics เมื่ออนุภาคขนาดเล็กสามารถมีตัวตนอยู่ได้หลายที่ในขณะเดียวกัน ซึ่งคอมพิวเตอร์ในปัจจุบัน ฐานที่เล็กที่สุดของการคำนวณคือ Bit หรือ Binary Digits ที่มีสถานะเป็น “0” และ “1” แต่กับคอมพิวเตอร์ควอนตัมเราจะไม่รู้ค่าของมันเลย มันอาจจะเป็น “0” หรือเป็น “1” หรือทั้งคู่ จนกว่าเราจะทำการวัดค่าของมัน ซึ่งก็คือสถานะ Superposition นั่นเอง Qubit จะยังไม่ตัดสินใจแสดงเป็นค่าใดค่าหนึ่ง ถึงแม้มีโอกาสที่ค่านั้นจะถูกกำหนดไว้แล้วก็ตาม
Concept ของ Quantum Bit หรือ Qubit โดยปกติ 1 Bit จะเก็บค่าได้แค่ “0” และ “1” แต่ Qubits จะเก็บค่าได้ซับซ้อนมากกว่านั้น คือไม่เป็น “0” และ “1” ก็เป็นทั้งคู่ หรือไม่เป็นทั้งคู่ นั่นแปลว่าใน 1 Qubits จะเกิด 2 ความเป็นไปได้ ซึ่งตามคอนเซ็ปต์ของ Superposition แล้ว หากเรามี 2 Qubits จะเกิด 4 ความเป็นไปได้ และ 3 Qubits เกิด 8 ความเป็นไปได้ และ 4 Qubits จะเกิด 16 ความเป็นไปได้ โดยจะอยู่ในรูปแบบ 2 กำลัง X ไปเรื่อย ๆ</description>
    </item>
    
    <item>
      <title>AlphaGo Documentary สุดยอดสารคดีที่อยากบอกต่อ</title>
      <link>https://dragon-library.github.io/library/articles/posts/alphago-documentary/</link>
      <pubDate>Sun, 24 Nov 2019 13:40:11 +0700</pubDate>
      
      <guid>https://dragon-library.github.io/library/articles/posts/alphago-documentary/</guid>
      <description>Source : finnomena.com. ( 01/09/18 )
 ปีนี้ผมดู Documentary ไปแล้ว 15 เรื่องจากบน Netflix บอกเลยว่าเรื่องที่ชอบมากที่สุดคือ Alpha Go Documentary เพราะสารคดีนำเสนอด้านที่เรามองไม่เห็น ไม่ได้ปรากฏบนหน้าสื่อในช่วงเกิดการแข่งขัน แน่นอนว่าเหตุการณ์ประวัติศาสตร์วันนั้นที่ AI เอาชนะเซียน Go ระดับโลก ผมเองได้ติดตามและได้อ่านข่าวอ่านบทความจำนวนมาก แต่สารคดีนี้ถ่ายทอดหลายประเด็นเหลือเกินที่ทำให้เราได้เรียนรู้จาก AlphaGo บทความนี้จะขอมาสรุปประเด็นที่น่าสนใจให้พวกเราอ่านกัน
1. Fan Hui ผู้แพ้ที่ไม่ธรรมดา สารคดีนี้ดูเหมือนจะโฟกัสไปที่การแข่งขันระหว่าง alpha Go กับ Lee Sedol แต่บุคคลที่อยู่เบื้องหลังและมีบทบาทสำคัญมากอีกคนคือ Fan Hui เป็นลูกครึ่งจีน-ฝรั่งเศส เป็นนักเล่นโก๊ะมืออาชีพ แชมป์โกะยุโรป 3 สมัยที่เคยพ่ายแพ้ให้กับ AlphaGo ไปขาดลอย 5-0 ในปีก่อนหน้า
Fan Hui มองข้ามความพ่ายแพ้ที่เกิดว่ามันไม่ใช่ความล้มเหลวแต่เขามองเห็นความสวยงาม ความอัศจรรย์ในเกมส์ที่เกิดจากการได้แข่งขันกับ AlphaGo ดังนั้นเมื่อ DeepMind ติดต่อไปช่วงก่อนการแข่งขันใหญ่ Fan Hui จึงตอบรับมาเป็นที่ปรึกษา
ตัวเขาได้เล่นกับ AlphaGo อีกหลายร้อยกระดาน จน 1 วันก่อนแข่งเขาหาจุดอ่อนของ AlphaGo จนเจอแล้วได้แจ้งให้ ทีมพัฒนาทราบ แต่ในเวลาที่มีทีมพัฒนาของ Deep Mind ไม่สามารถแก้หรือปรับปรุงอะไรได้แล้ว สารคดีแสดงให้เห็นภาพจากความเชื่อมั่น กลายเป็นความเครียด ความกังวลขึ้นมาทันที Demis Hassabis หัวหน้าทีพัฒนาถึงกับเอ่ยปากขอให้ Lee Sedol หาจุดอ่อนนั้นไม่พบ แล้วทุกคนก็ต้องเก็บกระเป๋าเดินหน้าไปแข่งขันที่เกาหลีใต้</description>
    </item>
    
  </channel>
</rss>