<?xml version="1.0" encoding="utf-8" standalone="yes"?>
<rss version="2.0" xmlns:atom="http://www.w3.org/2005/Atom">
  <channel>
    <title>Industry on </title>
    <link>https://yosarawut.github.io/knowledge-base/articles/us/categories/industry/</link>
    <description>Recent content in Industry on </description>
    <generator>Hugo -- gohugo.io</generator>
    <language>en-us</language>
    <lastBuildDate>Sat, 23 Nov 2019 12:40:11 +0200</lastBuildDate>
    
	<atom:link href="https://yosarawut.github.io/knowledge-base/articles/us/categories/industry/index.xml" rel="self" type="application/rss+xml" />
    
    
    <item>
      <title>นายกฯ สิงคโปร์ชี้กระบวนการคิดเชิงออกแบบ (Design Thinking) จำเป็นต่อการเปลี่ยนแปลงของประเทศ</title>
      <link>https://yosarawut.github.io/knowledge-base/articles/us/posts/eighth/</link>
      <pubDate>Sat, 23 Nov 2019 12:40:11 +0200</pubDate>
      
      <guid>https://yosarawut.github.io/knowledge-base/articles/us/posts/eighth/</guid>
      <description>ที่มาบทความ : techsauce.co เมษายน 7, 2018
 “กระบวนการคิดเชิงออกแบบ” หรือ “Design Thinking” เริ่มกลายเป็นเรื่องใกล้ตัวมากขึ้นเมื่อ &amp;lsquo;ลี เซียน ลุง&amp;rsquo; นายกรัฐมนตรีสิงคโปร์ (ลูกชาย &amp;lsquo;ลี กวน ยู&amp;rsquo;) ระบุว่าเป็นเรื่องที่ต้องให้ความสำคัญ เพราะเป็นสิ่งที่ผลักดันให้สิงคโปร์ที่เริ่มจากศูนย์กลายเป็นประเทศแถวหน้าของโลก ฝากคนรุ่นใหม่นำ Design Thinking มาใช้กับทุกกระบวนการในการทำงาน
ลี เซียน ลุง (Lee Hsien Loong) นายกรัฐมนตรีประเทศสิงคโปร์ / Photo: ChannelNewsAsia
นักศึกษาจาก Singapore University of Technology and Design (SUTD) มหาวิทยาลัยที่ออกนอกระบบเป็นแห่งที่ 4 ในสิงคโปร์ จัดงานเสวนาในชื่อ SUTD Ministerial Forum 2018 ภายใต้หัวข้อ &amp;ldquo;A Better Nation By Design&amp;rdquo;
งานเสวนาดังกล่าวจัดขึ้นเพื่อให้นักศึกษาและศิษย์เก่าได้ผู้พูดคุยแลกเปลี่ยนกับผู้บริหารจากรัฐบาลสิงคโปร์ในประเด็นที่มีผลกระทบต่อสิงคโปร์โดยตรง
โดย ลี เซียน ลุง (Lee Hsien Loong) นายกรัฐมนตรีประเทศสิงคโปร์ ได้ขึ้นพูดเพื่อเปิดงานเสวนานี้เป็นครั้งแรกอีกด้วย</description>
    </item>
    
  </channel>
</rss>