<?xml version="1.0" encoding="utf-8" standalone="yes"?>
<rss version="2.0" xmlns:atom="http://www.w3.org/2005/Atom">
  <channel>
    <title>Space on </title>
    <link>https://dragon-library.github.io/library/articles/tags/space/</link>
    <description>Recent content in Space on </description>
    <generator>Hugo -- gohugo.io</generator>
    <language>en-us</language>
    <lastBuildDate>Sat, 23 Nov 2019 11:40:11 +0200</lastBuildDate>
    
	<atom:link href="https://dragon-library.github.io/library/articles/tags/space/index.xml" rel="self" type="application/rss+xml" />
    
    
    <item>
      <title>จรวดรุ่นใหม่ของ SpaceX เดินทางระหว่างทวีป จนถึงระหว่างดวงดาว</title>
      <link>https://dragon-library.github.io/library/articles/posts/space-x/</link>
      <pubDate>Sat, 23 Nov 2019 11:40:11 +0200</pubDate>
      
      <guid>https://dragon-library.github.io/library/articles/posts/space-x/</guid>
      <description>บทความโดย Nutn0n October 1, 2017
 เดินทางจากโลกสู่โลก โลกสู่สถานีอวกาศ โลกสู่ดวงจันทร์ และโลกสู่ดาวอังคารด้วยยานอวกาศรุ่นเดียวกัน แผนการใหม่ของ SpaceX ที่จะช่วยให้อวกาศใกล้ตัวมากขึ้น
หนึ่งปีก่อนหน้านี้ เป็นครั้งแรกที่ SpaceX เผย แผนการเดินทางไปดาวอังคาร ด้วยระบบการขนส่งระหว่างดาวชื่อ ITS หรือ Interplanetary Transportation System ส่วนประกอบหลักของมันคือยาน BFR – Big Falcon Rocket ที่มาพร้อมเครื่องยนต์ Raptor Engine มากถึง 42 ตัว ให้แรงยกทั้งหมด “หนึ่งร้อยยี่สิบหกล้านนิวตั้น” ซึ่งเทียบเท่ากับจรวด Falcon 9 มากถึง 16 ตัว บรรทุกผู้โดยสารกว่า 200 คนเดินทางไปยังดาวอังคารและดาวอื่น ๆ ในระบบสุริยะจักรวาล
ภาพจำลองยานขณะทำการปล่อยดาวเทียม ที่มา – SpaceX
แต่วันนี้ในงาน International Astronautical Congress ที่ในปีนี้จัดขึ้นที่ประเทศออสเตรเลีย Elon Musk ได้ขึ้น Keynote มาอัพเดทแผนการดังกล่าวโดยมีการกล่าวถึง 4 โครงการหลักได้แก่
 Moon Base การนำคนไปยังดวงจันทร์ การตั้งถิ่นฐานที่ดาวอังคาร การใช้ BFR เดินทางสู่สถานีอวกาศนานชาติ Earth to Earth โครงการบริการขนส่งคนข้ามทวีปภายในเวลาไม่กี่นาทีด้วยจรวด  จรวดรุ่นที่ใช้จะเป็นรุ่นที่ย่อส่วนลงเล็กน้อยของจรวด BFR ซึ่งเปลี่ยนจากเครื่องยนต์ 42 ตัวเป็น 31 ตัว ซึ่ง Elon Musk ได้บอกว่ามีความสามารถเพียงพอที่จะใช้ในการส่งคนไปดวงจันทร์เพื่อสร้างฐานดวงจันทร์, ใช้ในการปล่อยดาวเทียมขนาดใหญ่ หรือแม้กระทั่งส่งเสบียงและขนของขึ้นไปยังสถานีอวกาศนานาชาติ</description>
    </item>
    
    <item>
      <title>Pale Blue Dot ภาพถ่ายที่บอกว่าดาราศาสตร์คือความอ่อนน้อมถ่อมตน</title>
      <link>https://dragon-library.github.io/library/articles/posts/pale-blue-dot/</link>
      <pubDate>Thu, 14 Nov 2019 11:40:11 +0200</pubDate>
      
      <guid>https://dragon-library.github.io/library/articles/posts/pale-blue-dot/</guid>
      <description>ในหนังสือเรื่อง Cosmos ของคุณ Carl Sagan ซึ่งผู้เขียนยกย่องให้เป็นหนึ่งในหนังสือที่ดีที่สุดตลอดกาล และเป็นคัมภีร์การใช้ชีวิตมาจนถึงทุกวันนี้ อวกาศและดาราศาสตร์ในมุมมองของ Carl Sagan ชายที่ทำให้มนุษย์รักเขาด้วยความรักที่เขามีต่อจักรวาลถ่ายทอดออกมาผ่านตัวอักษรในทั้งงานเขียน งานบรรยาย นวนิยาย และมุมมองที่ทำให้เรารู้จักกับตัวเองมากขึ้นผ่านการศึกษาธรรมชาติ
หนึ่งในตอนที่เขาได้เขียนไว้ในหนังสือ Cosmos ที่ทำให้เราได้เปิดมุมมองไปพร้อมกันย้อนกลับไป ณ ช่วงที่ยาน Pioneer 10 เดินทางโฉบดาวพฤหัสฯ ในปี 1972 เป็นยานอวกาศลำแรกที่จะได้ถ่ายภาพในระยะใกล้ของดาวพฤหัสฯ ส่งกลับมา ภาพถ่ายนี้จะเป็นภาพถ่ายประวัติศาสตร์ แต่มุมมองที่ Sagan ถ่ายทอดมาในหนังสือของเขาได้แก่ช่วงเวลา 20-30 นาที ในขณะที่เขานั่งอยู่บนรถที่กำลังเดินทางไปยังสำนักงานใหญ่ของ JPL ในแคลิฟอร์เนีย เพื่อเป็นสักขีพยานเมื่อ Pioneer 10 ส่งภาพถ่ายนั้นกลับมา Sagan เล่าว่า เขานึกจินตนาการถึงดาวพฤหัสฯ ว่าจะมีลักษณะเป็นอย่างไรและนั่นจะเป็นการจินตนาการถึงดาวพฤหัสครั้งสุดท้าย เพราะต่อไปจากนี้ดินแดนที่ยังไม่เคยถูกสำรวจจะถูกสำรวจแล้ว เมื่อภาพถ่ายของดาวพฤหัสเดินทางมาถึง มันจะเปลี่ยนมุมมองที่เราเคยมีต่อดาวพฤหัสฯ ไปตลอดกาล
วันแห่งความรัก 14 กุมภาพันธ์ 1990 ตอนนั้นยาน Voyager 1 กำลังจะเดินทางออกนอกระบบสุริยะ Sagan ได้คุยกับทีมงานของ JPL ให้หันกล้องกลับมาถ่ายที่โลกของเราก่อนที่ยานจะเดินทางไปไกลแสนไกลและทิ้งไว้แต่เพียงมุมมองต่อจักรวาล (เหมือนเขาในอีกไม่กี่ปีต่อมาในอีก 7 ปีข้างหน้า) ภาพที่ได้มานั้น ไม่ได้มีข้อมูลทางวิทยาศาสตร์ที่น่าตื่นเต้นใด ๆ เป็นเพียงภาพที่ถูกรบกวนด้วยแสงอาทิตย์ และจุดเล็ก ๆ คือโลกของเรา
หากแต่ภาพนั้น กลับกลายเป็นตัวแทนของทุกความพยายามในการศึกษาดาราศาสตร์ของเรา Sagan บรรยายภาพนั้นไว้ด้วยงานเขียนทางดาราศาสตร์และปรัชญาที่ทรงพลังว่า</description>
    </item>
    
  </channel>
</rss>